year,usda_tfp_c_7m_1_yearly,usda_tfp_c_1_yearly,usda_tfp_c_1_2_yearly,usda_tfp_c_2_yearly,usda_tfp_c_2_3_yearly,usda_tfp_c_3_5_yearly,usda_tfp_c_4_5_yearly,usda_tfp_c_6_8_yearly,usda_tfp_c_9_11_yearly,usda_tfp_f_12_13_yearly,usda_tfp_f_12_19_yearly,usda_tfp_f_14_18_yearly,usda_tfp_f_19_50_yearly,usda_tfp_f_20_50_yearly,usda_tfp_f_20_54_yearly,usda_tfp_f_51_70_yearly,usda_tfp_f_51_plus_yearly,usda_tfp_f_55_plus_yearly,usda_tfp_f_71_plus_yearly,usda_tfp_f_nursing_yearly,usda_tfp_f_pregnant_yearly,usda_tfp_m_12_13_yearly,usda_tfp_m_12_14_yearly,usda_tfp_m_14_18_yearly,usda_tfp_m_15_19_yearly,usda_tfp_m_19_50_yearly,usda_tfp_m_20_50_yearly,usda_tfp_m_20_54_yearly,usda_tfp_m_51_70_yearly,usda_tfp_m_51_plus_yearly,usda_tfp_m_55_plus_yearly,usda_tfp_m_71_plus_yearly,usda_tfp_fam2_19_50_yearly,usda_tfp_fam2_20_50_yearly,usda_tfp_fam2_20_54_yearly,usda_tfp_fam2_51_70_yearly,usda_tfp_fam2_51_plus_yearly,usda_tfp_fam2_55_plus_yearly,usda_tfp_fam4_12_35_yearly,usda_tfp_fam4_2_35_yearly,usda_tfp_fam4_23_45_yearly,usda_tfp_fam4_68_911_yearly,usda_lcp_c_7m_1_yearly,usda_lcp_c_u1_yearly,usda_lcp_c_1_yearly,usda_lcp_c_1_2_yearly,usda_lcp_c_2_yearly,usda_lcp_c_2_3_yearly,usda_lcp_c_3_5_yearly,usda_lcp_c_4_5_yearly,usda_lcp_c_6_8_yearly,usda_lcp_c_9_11_yearly,usda_lcp_f_9_11_yearly,usda_lcp_f_12_13_yearly,usda_lcp_f_12_14_yearly,usda_lcp_f_12_19_yearly,usda_lcp_f_14_18_yearly,usda_lcp_f_15_19_yearly,usda_lcp_f_19_50_yearly,usda_lcp_f_20_34_yearly,usda_lcp_f_20_50_yearly,usda_lcp_f_20_54_yearly,usda_lcp_f_35_54_yearly,usda_lcp_f_51_70_yearly,usda_lcp_f_51_plus_yearly,usda_lcp_f_55_74_yearly,usda_lcp_f_55_plus_yearly,usda_lcp_f_71_plus_yearly,usda_lcp_f_75_plus_yearly,usda_lcp_f_nursing_yearly,usda_lcp_f_pregnant_yearly,usda_lcp_m_9_11_yearly,usda_lcp_m_12_13_yearly,usda_lcp_m_12_14_yearly,usda_lcp_m_14_18_yearly,usda_lcp_m_15_19_yearly,usda_lcp_m_19_50_yearly,usda_lcp_m_20_34_yearly,usda_lcp_m_20_50_yearly,usda_lcp_m_20_54_yearly,usda_lcp_m_35_54_yearly,usda_lcp_m_51_70_yearly,usda_lcp_m_51_plus_yearly,usda_lcp_m_55_74_yearly,usda_lcp_m_55_plus_yearly,usda_lcp_m_71_plus_yearly,usda_lcp_m_75_plus_yearly,usda_lcp_fam2_19_50_yearly,usda_lcp_fam2_20_35_yearly,usda_lcp_fam2_20_50_yearly,usda_lcp_fam2_20_54_yearly,usda_lcp_fam2_51_70_yearly,usda_lcp_fam2_51_plus_yearly,usda_lcp_fam2_55_75_yearly,usda_lcp_fam2_55_plus_yearly,usda_lcp_fam4_12_35_yearly,usda_lcp_fam4_2_35_yearly,usda_lcp_fam4_23_45_yearly,usda_lcp_fam4_68_911_yearly,usda_mcp_c_7m_1_yearly,usda_mcp_c_u1_yearly,usda_mcp_c_1_yearly,usda_mcp_c_1_2_yearly,usda_mcp_c_2_yearly,usda_mcp_c_2_3_yearly,usda_mcp_c_3_5_yearly,usda_mcp_c_4_5_yearly,usda_mcp_c_6_8_yearly,usda_mcp_c_9_11_yearly,usda_mcp_f_9_11_yearly,usda_mcp_f_12_13_yearly,usda_mcp_f_12_14_yearly,usda_mcp_f_12_19_yearly,usda_mcp_f_14_18_yearly,usda_mcp_f_15_19_yearly,usda_mcp_f_19_50_yearly,usda_mcp_f_20_34_yearly,usda_mcp_f_20_50_yearly,usda_mcp_f_20_54_yearly,usda_mcp_f_35_54_yearly,usda_mcp_f_51_70_yearly,usda_mcp_f_51_plus_yearly,usda_mcp_f_55_74_yearly,usda_mcp_f_55_plus_yearly,usda_mcp_f_71_plus_yearly,usda_mcp_f_75_plus_yearly,usda_mcp_f_nursing_yearly,usda_mcp_f_pregnant_yearly,usda_mcp_m_9_11_yearly,usda_mcp_m_12_13_yearly,usda_mcp_m_12_14_yearly,usda_mcp_m_14_18_yearly,usda_mcp_m_15_19_yearly,usda_mcp_m_19_50_yearly,usda_mcp_m_20_34_yearly,usda_mcp_m_20_50_yearly,usda_mcp_m_20_54_yearly,usda_mcp_m_35_54_yearly,usda_mcp_m_51_70_yearly,usda_mcp_m_51_plus_yearly,usda_mcp_m_55_74_yearly,usda_mcp_m_55_plus_yearly,usda_mcp_m_71_plus_yearly,usda_mcp_m_75_plus_yearly,usda_mcp_fam2_19_50_yearly,usda_mcp_fam2_20_35_yearly,usda_mcp_fam2_20_50_yearly,usda_mcp_fam2_20_54_yearly,usda_mcp_fam2_51_70_yearly,usda_mcp_fam2_51_plus_yearly,usda_mcp_fam2_55_75_yearly,usda_mcp_fam2_55_plus_yearly,usda_mcp_fam4_12_35_yearly,usda_mcp_fam4_2_35_yearly,usda_mcp_fam4_23_45_yearly,usda_mcp_fam4_68_911_yearly,usda_lib_c_7m_1_yearly,usda_lib_c_u1_yearly,usda_lib_c_1_yearly,usda_lib_c_1_2_yearly,usda_lib_c_2_yearly,usda_lib_c_2_3_yearly,usda_lib_c_3_5_yearly,usda_lib_c_4_5_yearly,usda_lib_c_6_8_yearly,usda_lib_c_9_11_yearly,usda_lib_f_9_11_yearly,usda_lib_f_12_13_yearly,usda_lib_f_12_14_yearly,usda_lib_f_12_19_yearly,usda_lib_f_14_18_yearly,usda_lib_f_15_19_yearly,usda_lib_f_19_50_yearly,usda_lib_f_20_34_yearly,usda_lib_f_20_50_yearly,usda_lib_f_20_54_yearly,usda_lib_f_35_54_yearly,usda_lib_f_51_70_yearly,usda_lib_f_51_plus_yearly,usda_lib_f_55_74_yearly,usda_lib_f_55_plus_yearly,usda_lib_f_71_plus_yearly,usda_lib_f_75_plus_yearly,usda_lib_f_nursing_yearly,usda_lib_f_pregnant_yearly,usda_lib_m_9_11_yearly,usda_lib_m_12_13_yearly,usda_lib_m_12_14_yearly,usda_lib_m_14_18_yearly,usda_lib_m_15_19_yearly,usda_lib_m_19_50_yearly,usda_lib_m_20_34_yearly,usda_lib_m_20_50_yearly,usda_lib_m_20_54_yearly,usda_lib_m_35_54_yearly,usda_lib_m_51_70_yearly,usda_lib_m_51_plus_yearly,usda_lib_m_55_74_yearly,usda_lib_m_55_plus_yearly,usda_lib_m_71_plus_yearly,usda_lib_m_75_plus_yearly,usda_lib_fam2_19_50_yearly,usda_lib_fam2_20_35_yearly,usda_lib_fam2_20_50_yearly,usda_lib_fam2_20_54_yearly,usda_lib_fam2_51_70_yearly,usda_lib_fam2_51_plus_yearly,usda_lib_fam2_55_75_yearly,usda_lib_fam2_55_plus_yearly,usda_lib_fam4_12_35_yearly,usda_lib_fam4_2_35_yearly,usda_lib_fam4_23_45_yearly,usda_lib_fam4_68_911_yearly,usda_tfp_c_6_8_yearly_ak,usda_tfp_c_9_11_yearly_ak,usda_tfp_m_20_50_yearly_ak,usda_tfp_f_20_50_yearly_ak,usda_tfp_fam2_20_50_yearly_ak,usda_tfp_fam4_68_911_yearly_ak,usda_tfp_c_6_8_yearly_hi,usda_tfp_c_9_11_yearly_hi,usda_tfp_m_20_50_yearly_hi,usda_tfp_f_20_50_yearly_hi,usda_tfp_fam2_20_50_yearly_hi,usda_tfp_fam4_68_911_yearly_hi,usda_tfp_c_7m_1_yearly_hi,usda_tfp_c_1_yearly_hi,usda_tfp_c_1_2_yearly_hi,usda_tfp_c_2_yearly_hi,usda_tfp_c_2_3_yearly_hi,usda_tfp_c_3_5_yearly_hi,usda_tfp_c_4_5_yearly_hi,usda_tfp_m_12_13_yearly_hi,usda_tfp_m_12_14_yearly_hi,usda_tfp_m_14_18_yearly_hi,usda_tfp_m_15_19_yearly_hi,usda_tfp_m_19_50_yearly_hi,usda_tfp_m_20_54_yearly_hi,usda_tfp_m_51_70_yearly_hi,usda_tfp_m_51_plus_yearly_hi,usda_tfp_m_55_plus_yearly_hi,usda_tfp_m_71_plus_yearly_hi,usda_tfp_f_12_13_yearly_hi,usda_tfp_f_12_19_yearly_hi,usda_tfp_f_14_18_yearly_hi,usda_tfp_f_19_50_yearly_hi,usda_tfp_f_20_54_yearly_hi,usda_tfp_f_51_70_yearly_hi,usda_tfp_f_51_plus_yearly_hi,usda_tfp_f_55_plus_yearly_hi,usda_tfp_f_71_plus_yearly_hi,usda_tfp_f_nursing_yearly_hi,usda_tfp_f_pregnant_yearly_hi,usda_lcp_c_6_8_yearly_hi,usda_lcp_c_9_11_yearly_hi,usda_lcp_m_20_50_yearly_hi,usda_lcp_f_20_50_yearly_hi,usda_lcp_fam2_20_50_yearly_hi,usda_lcp_fam4_68_911_yearly_hi,usda_lcp_c_7m_1_yearly_hi,usda_lcp_c_1_yearly_hi,usda_lcp_c_1_2_yearly_hi,usda_lcp_c_2_yearly_hi,usda_lcp_c_2_3_yearly_hi,usda_lcp_c_3_5_yearly_hi,usda_lcp_c_4_5_yearly_hi,usda_lcp_m_12_13_yearly_hi,usda_lcp_m_12_14_yearly_hi,usda_lcp_m_14_18_yearly_hi,usda_lcp_m_15_19_yearly_hi,usda_lcp_m_19_50_yearly_hi,usda_lcp_m_20_54_yearly_hi,usda_lcp_m_51_70_yearly_hi,usda_lcp_m_51_plus_yearly_hi,usda_lcp_m_55_plus_yearly_hi,usda_lcp_m_71_plus_yearly_hi,usda_lcp_f_12_13_yearly_hi,usda_lcp_f_12_19_yearly_hi,usda_lcp_f_14_18_yearly_hi,usda_lcp_f_19_50_yearly_hi,usda_lcp_f_20_54_yearly_hi,usda_lcp_f_51_70_yearly_hi,usda_lcp_f_51_plus_yearly_hi,usda_lcp_f_55_plus_yearly_hi,usda_lcp_f_71_plus_yearly_hi,usda_lcp_f_nursing_yearly_hi,usda_lcp_f_pregnant_yearly_hi,usda_mcp_c_6_8_yearly_hi,usda_mcp_c_9_11_yearly_hi,usda_mcp_m_20_50_yearly_hi,usda_mcp_f_20_50_yearly_hi,usda_mcp_fam2_20_50_yearly_hi,usda_mcp_fam4_68_911_yearly_hi,usda_mcp_c_7m_1_yearly_hi,usda_mcp_c_1_yearly_hi,usda_mcp_c_1_2_yearly_hi,usda_mcp_c_2_yearly_hi,usda_mcp_c_2_3_yearly_hi,usda_mcp_c_3_5_yearly_hi,usda_mcp_c_4_5_yearly_hi,usda_mcp_m_12_13_yearly_hi,usda_mcp_m_12_14_yearly_hi,usda_mcp_m_14_18_yearly_hi,usda_mcp_m_15_19_yearly_hi,usda_mcp_m_19_50_yearly_hi,usda_mcp_m_20_54_yearly_hi,usda_mcp_m_51_70_yearly_hi,usda_mcp_m_51_plus_yearly_hi,usda_mcp_m_55_plus_yearly_hi,usda_mcp_m_71_plus_yearly_hi,usda_mcp_f_12_13_yearly_hi,usda_mcp_f_12_19_yearly_hi,usda_mcp_f_14_18_yearly_hi,usda_mcp_f_19_50_yearly_hi,usda_mcp_f_20_54_yearly_hi,usda_mcp_f_51_70_yearly_hi,usda_mcp_f_51_plus_yearly_hi,usda_mcp_f_55_plus_yearly_hi,usda_mcp_f_71_plus_yearly_hi,usda_mcp_f_nursing_yearly_hi,usda_mcp_f_pregnant_yearly_hi,usda_lib_c_6_8_yearly_hi,usda_lib_c_9_11_yearly_hi,usda_lib_m_20_50_yearly_hi,usda_lib_f_20_50_yearly_hi,usda_lib_fam2_20_50_yearly_hi,usda_lib_fam4_68_911_yearly_hi,usda_lib_c_7m_1_yearly_hi,usda_lib_c_1_yearly_hi,usda_lib_c_1_2_yearly_hi,usda_lib_c_2_yearly_hi,usda_lib_c_2_3_yearly_hi,usda_lib_c_3_5_yearly_hi,usda_lib_c_4_5_yearly_hi,usda_lib_m_12_13_yearly_hi,usda_lib_m_12_14_yearly_hi,usda_lib_m_14_18_yearly_hi,usda_lib_m_15_19_yearly_hi,usda_lib_m_19_50_yearly_hi,usda_lib_m_20_54_yearly_hi,usda_lib_m_51_70_yearly_hi,usda_lib_m_51_plus_yearly_hi,usda_lib_m_55_plus_yearly_hi,usda_lib_m_71_plus_yearly_hi,usda_lib_f_12_13_yearly_hi,usda_lib_f_12_19_yearly_hi,usda_lib_f_14_18_yearly_hi,usda_lib_f_19_50_yearly_hi,usda_lib_f_20_54_yearly_hi,usda_lib_f_51_70_yearly_hi,usda_lib_f_51_plus_yearly_hi,usda_lib_f_55_plus_yearly_hi,usda_lib_f_71_plus_yearly_hi,usda_lib_f_nursing_yearly_hi,usda_lib_f_pregnant_yearly_hi,usda_tfp_c_7m_1_yearly_ak,usda_tfp_c_1_yearly_ak,usda_tfp_c_1_2_yearly_ak,usda_tfp_c_2_yearly_ak,usda_tfp_c_2_3_yearly_ak,usda_tfp_c_3_5_yearly_ak,usda_tfp_c_4_5_yearly_ak,usda_tfp_m_12_13_yearly_ak,usda_tfp_m_12_14_yearly_ak,usda_tfp_m_14_18_yearly_ak,usda_tfp_m_15_19_yearly_ak,usda_tfp_m_19_50_yearly_ak,usda_tfp_m_20_54_yearly_ak,usda_tfp_m_51_70_yearly_ak,usda_tfp_m_51_plus_yearly_ak,usda_tfp_m_55_plus_yearly_ak,usda_tfp_m_71_plus_yearly_ak,usda_tfp_f_12_13_yearly_ak,usda_tfp_f_12_19_yearly_ak,usda_tfp_f_14_18_yearly_ak,usda_tfp_f_19_50_yearly_ak,usda_tfp_f_20_54_yearly_ak,usda_tfp_f_51_70_yearly_ak,usda_tfp_f_51_plus_yearly_ak,usda_tfp_f_55_plus_yearly_ak,usda_tfp_f_71_plus_yearly_ak,usda_tfp_f_nursing_yearly_ak,usda_tfp_f_pregnant_yearly_ak,usda_lcp_c_6_8_yearly_ak,usda_lcp_c_9_11_yearly_ak,usda_lcp_m_20_50_yearly_ak,usda_lcp_f_20_50_yearly_ak,usda_lcp_fam2_20_50_yearly_ak,usda_lcp_fam4_68_911_yearly_ak,usda_lcp_c_7m_1_yearly_ak,usda_lcp_c_1_yearly_ak,usda_lcp_c_1_2_yearly_ak,usda_lcp_c_2_yearly_ak,usda_lcp_c_2_3_yearly_ak,usda_lcp_c_3_5_yearly_ak,usda_lcp_c_4_5_yearly_ak,usda_lcp_m_12_13_yearly_ak,usda_lcp_m_12_14_yearly_ak,usda_lcp_m_14_18_yearly_ak,usda_lcp_m_15_19_yearly_ak,usda_lcp_m_19_50_yearly_ak,usda_lcp_m_20_54_yearly_ak,usda_lcp_m_51_70_yearly_ak,usda_lcp_m_51_plus_yearly_ak,usda_lcp_m_55_plus_yearly_ak,usda_lcp_m_71_plus_yearly_ak,usda_lcp_f_12_13_yearly_ak,usda_lcp_f_12_19_yearly_ak,usda_lcp_f_14_18_yearly_ak,usda_lcp_f_19_50_yearly_ak,usda_lcp_f_20_54_yearly_ak,usda_lcp_f_51_70_yearly_ak,usda_lcp_f_51_plus_yearly_ak,usda_lcp_f_55_plus_yearly_ak,usda_lcp_f_71_plus_yearly_ak,usda_lcp_f_nursing_yearly_ak,usda_lcp_f_pregnant_yearly_ak,usda_mcp_c_6_8_yearly_ak,usda_mcp_c_9_11_yearly_ak,usda_mcp_m_20_50_yearly_ak,usda_mcp_f_20_50_yearly_ak,usda_mcp_fam2_20_50_yearly_ak,usda_mcp_fam4_68_911_yearly_ak,usda_mcp_c_7m_1_yearly_ak,usda_mcp_c_1_yearly_ak,usda_mcp_c_1_2_yearly_ak,usda_mcp_c_2_yearly_ak,usda_mcp_c_2_3_yearly_ak,usda_mcp_c_3_5_yearly_ak,usda_mcp_c_4_5_yearly_ak,usda_mcp_m_12_13_yearly_ak,usda_mcp_m_12_14_yearly_ak,usda_mcp_m_14_18_yearly_ak,usda_mcp_m_15_19_yearly_ak,usda_mcp_m_19_50_yearly_ak,usda_mcp_m_20_54_yearly_ak,usda_mcp_m_51_70_yearly_ak,usda_mcp_m_51_plus_yearly_ak,usda_mcp_m_55_plus_yearly_ak,usda_mcp_m_71_plus_yearly_ak,usda_mcp_f_12_13_yearly_ak,usda_mcp_f_12_19_yearly_ak,usda_mcp_f_14_18_yearly_ak,usda_mcp_f_19_50_yearly_ak,usda_mcp_f_20_54_yearly_ak,usda_mcp_f_51_70_yearly_ak,usda_mcp_f_51_plus_yearly_ak,usda_mcp_f_55_plus_yearly_ak,usda_mcp_f_71_plus_yearly_ak,usda_mcp_f_nursing_yearly_ak,usda_mcp_f_pregnant_yearly_ak,usda_lib_c_6_8_yearly_ak,usda_lib_c_9_11_yearly_ak,usda_lib_m_20_50_yearly_ak,usda_lib_f_20_50_yearly_ak,usda_lib_fam2_20_50_yearly_ak,usda_lib_fam4_68_911_yearly_ak,usda_lib_c_7m_1_yearly_ak,usda_lib_c_1_yearly_ak,usda_lib_c_1_2_yearly_ak,usda_lib_c_2_yearly_ak,usda_lib_c_2_3_yearly_ak,usda_lib_c_3_5_yearly_ak,usda_lib_c_4_5_yearly_ak,usda_lib_m_12_13_yearly_ak,usda_lib_m_12_14_yearly_ak,usda_lib_m_14_18_yearly_ak,usda_lib_m_15_19_yearly_ak,usda_lib_m_19_50_yearly_ak,usda_lib_m_20_54_yearly_ak,usda_lib_m_51_70_yearly_ak,usda_lib_m_51_plus_yearly_ak,usda_lib_m_55_plus_yearly_ak,usda_lib_m_71_plus_yearly_ak,usda_lib_f_12_13_yearly_ak,usda_lib_f_12_19_yearly_ak,usda_lib_f_14_18_yearly_ak,usda_lib_f_19_50_yearly_ak,usda_lib_f_20_54_yearly_ak,usda_lib_f_51_70_yearly_ak,usda_lib_f_51_plus_yearly_ak,usda_lib_f_55_plus_yearly_ak,usda_lib_f_71_plus_yearly_ak,usda_lib_f_nursing_yearly_ak,usda_lib_f_pregnant_yearly_ak
1964,,,,,,,,,,,,,,,,,,,,,,,,,,,,,,,,,,,,,,,,,,,,156,,198,,,229.2,,276,,313.20001,,344.39999,,,364.79999,,328.79999,,,313.20001,,,271.20001,,,244.8,453.60001,391.20001,318,,370.79999,,433.20001,,370.79999,,,344.39999,,,313.20001,,,292.79999,,766.79999,,,,,642,,1126.8,,,1293.6,,204,,255.60001,,,308.39999,,364.79999,,422.39999,,464.39999,,,475.20001,,438,,,417.60001,,,364.79999,,,328.79999,584.40002,506.39999,428.39999,,506.39999,,579.59998,,500.39999,,,464.39999,,,428.39999,,,412.79999,,1033.2,,,,,871.20001,,1502.4,,,1732.8,,219.60001,,292.79999,,,349.20001,,438,,469.20001,,537.59998,,,537.59998,,495.60001,,,480,,,412.79999,,,380.39999,646.79999,568.79999,490.79999,,573.59998,,662.40002,,589.20001,,,537.59998,,,484.79999,,,464.39999,,1195.2,,,,,986.40002,,1726.8,,,2013.6,,,,,,,,,,,,,,,,,,,,,,,,,,,,,,,,,,,,,,,,,,,,,,,,,,,,,,,,,,,,,,,,,,,,,,,,,,,,,,,,,,,,,,,,,,,,,,,,,,,,,,,,,,,,,,,,,,,,,,,,,,,,,,,,,,,,,,,,,,,,,,,,,,,,,,,,,,,,,,,,,,,,,,,,,,,,,,,,,,,,,,,,,,,,,,,,,,,,,,,,,,,,,,,,,,,,,,,,,,,,,,,,,,,,,,,,,,,,,,,,,,,,,,,,,,,,,,,,,,,,,,,,,,,,,,,,
1965,,,,,,,,,,,,,,,,,,,,,,,,,,,,,,,,,,,,,,,,,,,,155.10001,,196.89999,,,230.60001,,277.69998,,317.89999,,347.39999,,,365,,331.79999,,,318.60001,,,272.29999,,,248.10001,454.89999,395.70001,323.29999,,372.79999,,439.89999,,377.20001,,,350.79999,,,317.10001,,,296.70001,,780,,,,,648.29999,,1136.5,,,1310,,200.90001,,255.5,,,308.29999,,370.39999,,426,,469.39999,,,478.79999,,441.29999,,,423.60001,,,368.70001,,,328.89999,588.79999,512.90002,434,,513.40002,,585.5,,505.20001,,,467,,,430.70001,,,415.10001,,1041.5,,,,,879.5,,1510.3,,,1751,,216.39999,,292.79999,,,353.10001,,441.5,,476,,543.20001,,,541.59998,,503.20001,,,485.60001,,,417.89999,,,382.5,652.09998,575.90002,498.19998,,582.59998,,669,,595.20001,,,543,,,490.29999,,,471.79999,,1208.1,,,,,999.09998,,1744.3,,,2038.1,,,,,,,,,,,,,,,,,,,,,,,,,,,,,,,,,,,,,,,,,,,,,,,,,,,,,,,,,,,,,,,,,,,,,,,,,,,,,,,,,,,,,,,,,,,,,,,,,,,,,,,,,,,,,,,,,,,,,,,,,,,,,,,,,,,,,,,,,,,,,,,,,,,,,,,,,,,,,,,,,,,,,,,,,,,,,,,,,,,,,,,,,,,,,,,,,,,,,,,,,,,,,,,,,,,,,,,,,,,,,,,,,,,,,,,,,,,,,,,,,,,,,,,,,,,,,,,,,,,,,,,,,,,,,,,,
1966,,,,,,,,,,,,,,,,,,,,,,,,,,,,,,,,,,,,,,,,,,,,163.5,,207.2,,,242.2,,290.10001,,333.39999,,363.60001,,,381.89999,,347.39999,,,334.29999,,,284.60001,,,259.70001,475.20001,415.29999,339,,389.5,,458.70001,,393.70001,,,366.5,,,331.5,,,310,,815.29999,,,,,677.5,,1190.5,,,1370.2,,211.60001,,269.10001,,,323.29999,,388.29999,,446.5,,492.39999,,,501.5,,462.60001,,,445.20001,,,386.20001,,,344.29999,615.70001,537.90002,454.79999,,537.5,,611.20001,,527.09998,,,491.20001,,,449.70001,,,433.79999,,1087.9,,,,,919.5,,1581.5,,,1832.2001,,227.5,,308.70001,,,371.79999,,463.20001,,499.79999,,570.09998,,,567.40002,,527.29999,,,509.39999,,,438.10001,,,401.19998,682.20001,604.20001,522.5,,610.09998,,698.70001,,621.5,,,567.59998,,,512.5,,,494.20001,,1263.5,,,,,1045.5,,1829.3,,,2134.5,,,,,,,,,,,,,,,,,,,,,,,,,,,,,,,,,,,,,,,,,,,,,,,,,,,,,,,,,,,,,,,,,,,,,,,,,,,,,,,,,,,,,,,,,,,,,,,,,,,,,,,,,,,,,,,,,,,,,,,,,,,,,,,,,,,,,,,,,,,,,,,,,,,,,,,,,,,,,,,,,,,,,,,,,,,,,,,,,,,,,,,,,,,,,,,,,,,,,,,,,,,,,,,,,,,,,,,,,,,,,,,,,,,,,,,,,,,,,,,,,,,,,,,,,,,,,,,,,,,,,,,,,,,,,,,,
1967,,,,,,,,,,,,,,,,,,,,,,,,,,,,,,,,,,,,,,,,,,,,164.64999,,208.89999,,,245.52501,,294.57501,,338.54999,,370.625,,,386.27499,,350.375,,,336.82501,,,287.10001,,,261.79999,482.57501,418.95001,345.07501,,398.25,,466.125,,398.75,,,370.79999,,,334.60001,,,312.82501,,824.22498,,,,,683.42499,,1204.325,,,1389.725,,211.95,,270.07501,,,325.72501,,391.22501,,448.57501,,496.5,,,502.375,,460.89999,,,443.92499,,,384.85001,,,342.85001,618.79999,537.875,457.14999,,542.97498,,614.17499,,528.72498,,,491.60001,,,448.72501,,,432.95001,,1088.975,,,,,917.32501,,1584.65,,,1838,,229.02499,,309.875,,,375.22501,,468.77499,,504.70001,,576.375,,,571.45001,,530.5,,,512.15002,,,438.64999,,,401.35001,689.875,608.25,528.375,,618.92499,,706.34998,,627.75,,,572.35004,,,515.75,,,497.22501,,1274.25,,,,,1050.675,,1843.35,,,2155.3999,,,,,,,,,,,,,,,,,,,,,,,,,,,,,,,,,,,,,,,,,,,,,,,,,,,,,,,,,,,,,,,,,,,,,,,,,,,,,,,,,,,,,,,,,,,,,,,,,,,,,,,,,,,,,,,,,,,,,,,,,,,,,,,,,,,,,,,,,,,,,,,,,,,,,,,,,,,,,,,,,,,,,,,,,,,,,,,,,,,,,,,,,,,,,,,,,,,,,,,,,,,,,,,,,,,,,,,,,,,,,,,,,,,,,,,,,,,,,,,,,,,,,,,,,,,,,,,,,,,,,,,,,,,,,,,,
1968,,,,,,,,,,,,,,,,,,,,,,,,,,,,,,,,,,,,,,,,,,,,168.72501,,215.625,,,257.17499,,311.97501,,355.64999,,392.22501,,,400.60001,,366.75,,,351.39999,,,298.45001,,,270.92499,506.85001,436.75,364.70001,,426.32501,,492.02499,,423.39999,,,393.47501,,,349.89999,,,327.04999,,869.375,,,,,713.29999,,1263.075,,,1467.85,,212.77499,,271.20001,,,331.04999,,400.67499,,458.97501,,508.39999,,,505.75,,466.97501,,,449.10001,,,386.54999,,,344.02499,629.34998,545.375,468.45001,,559.54999,,625.45001,,539.90002,,,501.27499,,,453.72501,,,436.875,,1107.35,,,,,924.97498,,1609,,,1876,,236.425,,322,,,393.77499,,495.82501,,533.25,,610.29999,,,596.67499,,558.02502,,,537.70001,,,457.35001,,,417.47501,731.02502,639.82501,561.59998,,662.02502,,748.89996,,668.40002,,,608.375,,,544.22498,,,522.82501,,1349.125,,,,,1101.85,,1942.2,,,2283.8501,,,,,,,,,,,,,,,,,,,,,,,,,,,,,,,,,,,,,,,,,,,,,,,,,,,,,,,,,,,,,,,,,,,,,,,,,,,,,,,,,,,,,,,,,,,,,,,,,,,,,,,,,,,,,,,,,,,,,,,,,,,,,,,,,,,,,,,,,,,,,,,,,,,,,,,,,,,,,,,,,,,,,,,,,,,,,,,,,,,,,,,,,,,,,,,,,,,,,,,,,,,,,,,,,,,,,,,,,,,,,,,,,,,,,,,,,,,,,,,,,,,,,,,,,,,,,,,,,,,,,,,,,,,,,,,,
1969,,,,,,,,,,,,,,,,,,,,,,,,,,,,,,,,,,,,,,,,,,,,176.75,,226.05,,,269.29999,,327.35001,,372.875,,410.42499,,,418.875,,385.10001,,,369.32501,,,312.95001,,,284.10001,531.02502,458.27499,381.57501,,446.64999,,515.20001,,444.29999,,,413.04999,,,367.04999,,,343,,912.52502,,,,,748.375,,1324.75,,,1538.45,,222.27499,,284.52499,,,347.02499,,420.54999,,482.625,,534.5,,,530,,491.25,,,473.07501,,,407.10001,,,361.52499,660.02502,573,492.39999,,587.70001,,655.17499,,567.29999,,,526.57501,,,476.97501,,,459.10001,,1164.225,,,,,972.90002,,1690.1,,,1971.5,,249.5,,340.60001,,,416.35001,,525.5,,565.02502,,647.72498,,,631.34998,,592.59998,,,570.95001,,,485.72501,,,442.72501,773.375,679.02502,595.07501,,702.125,,791.54999,,708.47498,,,644.72498,,,577.25,,,554.57501,,1430.8,,,,,1169.55,,2058.0249,,,2421.6501,,,,,,,,,,,,,,,,,,,,,,,,,,,,,,,,,,,,,,,,,,,,,,,,,,,,,,,,,,,,,,,,,,,,,,,,,,,,,,,,,,,,,,,,,,,,,,,,,,,,,,,,,,,,,,,,,,,,,,,,,,,,,,,,,,,,,,,,,,,,,,,,,,,,,,,,,,,,,,,,,,,,,,,,,,,,,,,,,,,,,,,,,,,,,,,,,,,,,,,,,,,,,,,,,,,,,,,,,,,,,,,,,,,,,,,,,,,,,,,,,,,,,,,,,,,,,,,,,,,,,,,,,,,,,,,,
1970,,,,,,,,,,,,,,,,,,,,,,,,,,,,,,,,,,,,,,,,,,,,184.45,,235.97501,,,280.60001,,342.5,,389.35001,,429.04999,,,438.52499,,403.5,,,386.64999,,,328.10001,,,298.04999,556.92499,479.20001,399,,467.375,,539.34998,,466.04999,,,433.42499,,,384.42499,,,359.17499,,956.82501,,,,,783.42499,,1386.125,,,1611.05,,231.47501,,296.20001,,,360.92499,,438.77499,,502.42499,,557.42499,,,553.52502,,512.79999,,,493.54999,,,425.04999,,,377.29999,690.09998,597.97498,513.09998,,613.79999,,684.40002,,593.04999,,,551,,,498.39999,,,480.22501,,1216.1,,,,,1015.825,,1762.975,,,2057.7251,,259.07501,,353.85001,,,432.85001,,546.875,,587.72498,,673.92499,,,658.02502,,617.47498,,,594.625,,,505.85001,,,461.39999,806.95001,707.27502,618.97498,,731.67499,,826.20001,,739.65002,,,672.65002,,,601.875,,,578.90002,,1492.625,,,,,1218.275,,2143.825,,,2522.9751,,,,,,,,,,,,,,,,,,,,,,,,,,,,,,,,,,,,,,,,,,,,,,,,,,,,,,,,,,,,,,,,,,,,,,,,,,,,,,,,,,,,,,,,,,,,,,,,,,,,,,,,,,,,,,,,,,,,,,,,,,,,,,,,,,,,,,,,,,,,,,,,,,,,,,,,,,,,,,,,,,,,,,,,,,,,,,,,,,,,,,,,,,,,,,,,,,,,,,,,,,,,,,,,,,,,,,,,,,,,,,,,,,,,,,,,,,,,,,,,,,,,,,,,,,,,,,,,,,,,,,,,,,,,,,,,
1971,,,,,,,,,,,,,,,,,,,,,,,,,,,,,,,,,,,,,,,,,,,,188.72501,,241.575,,,288.29999,,351.04999,,399.10001,,440.85001,,,450.45001,,413.5,,,395.79999,,,336.47501,,,305.39999,571.75,491.77499,409.77499,,480.32501,,554.65002,,479.125,,,444.57501,,,394.125,,,367.85001,,981.65002,,,,,803.72498,,1422.5,,,1653.45,,237.85001,,304.07501,,,370.47501,,450.79999,,516,,572.45001,,,567.95001,,525.90002,,,505.625,,,434.72501,,,386.375,708.32501,613.77502,526.79999,,631,,703.22498,,608.45001,,,565.375,,,511.14999,,,492.07501,,1247.425,,,,,1040.775,,1808.9,,,2111.95,,265.625,,363.27499,,,444.07501,,561.82501,,604.04999,,692.04999,,,675.20001,,634.40002,,,610.34998,,,519.04999,,,473.22501,829.72498,726,636.32501,,752.70001,,850,,760.20001,,,691.57501,,,618.27502,,,594.40002,,1534.125,,,,,1251.475,,2201.95,,,2592.75,,,,,,,,,,,,,,,,,,,,,,,,,,,,,,,,,,,,,,,,,,,,,,,,,,,,,,,,,,,,,,,,,,,,,,,,,,,,,,,,,,,,,,,,,,,,,,,,,,,,,,,,,,,,,,,,,,,,,,,,,,,,,,,,,,,,,,,,,,,,,,,,,,,,,,,,,,,,,,,,,,,,,,,,,,,,,,,,,,,,,,,,,,,,,,,,,,,,,,,,,,,,,,,,,,,,,,,,,,,,,,,,,,,,,,,,,,,,,,,,,,,,,,,,,,,,,,,,,,,,,,,,,,,,,,,,
1972,,,,,,,,,,,,,,,,,,,,,,,,,,,,,,,,,,,,,,,,,,,,196.89999,,252.06731,,,301.07309,,367.07693,,417.28268,,459.7673,,,469.85193,,432.81348,,,415.24231,,,351.44037,,,319.43271,595.94806,515.16925,428.0827,,500.01346,,577.75,,499.94421,,,464.33655,,,411.8923,,,384.6846,,1025.9692,,,,,839.38464,,1485.8981,,,1727.9172,,248.14424,,318.07117,,,388.75,,472.16345,,542.28845,,600.57117,,,596.84613,,553.77118,,,533.0481,,,458.32114,,,406.71732,742.62695,646.37305,553.25,,668.74036,,736.59039,,638.18652,,,593.85577,,,536.89807,,,517.375,,1310.8904,,,,,1094.5923,,1898.7788,,,2217.3711,,277.46539,,381.54999,,,466.79037,,590.36151,,635.80383,,728.56732,,,710.36926,,668.9231,,,643.68652,,,548.07501,,,499.19424,870.06537,765.60962,669.01154,,789.5,,891.27307,,798.7442,,,726.57886,,,649.77502,,,625.4519,,1614.3981,,,,,1317.8212,,2316.0078,,,2727.0405,,,,,,,,,,,,,,,,,,,,,,,,,,,,,,,,,,,,,,,,,,,,,,,,,,,,,,,,,,,,,,,,,,,,,,,,,,,,,,,,,,,,,,,,,,,,,,,,,,,,,,,,,,,,,,,,,,,,,,,,,,,,,,,,,,,,,,,,,,,,,,,,,,,,,,,,,,,,,,,,,,,,,,,,,,,,,,,,,,,,,,,,,,,,,,,,,,,,,,,,,,,,,,,,,,,,,,,,,,,,,,,,,,,,,,,,,,,,,,,,,,,,,,,,,,,,,,,,,,,,,,,,,,,,,,,,
1973,,,,,,,,,,,,,,,,,,,,,,,,,,,,,,,,,,,,,,,,,,,,222.95,,286.38269,,,342.77692,,418.67307,,476.0173,,522.38269,,,534.72308,,497.06155,,,475.7327,,,400.90961,,,363.8923,678.10193,586.80579,487.56732,,567.76154,,658.90002,,572.70575,,,531.96344,,,472.38269,,,440.29037,,1177.1307,,,,,960.36536,,1698.9269,,,1976.0077,,280.20578,,361.02884,,,441.10001,,536.91156,,619.31152,,683.35382,,,679.37885,,634.67883,,,611.4519,,,525.57886,,,465.4577,845.32306,738.17694,631.65002,,797.88464,,839.78461,,730.61346,,,679.14423,,,615.67694,,,593.77502,,1502.0096,,,,,1255.2827,,2167.4211,,,2533.8538,,313.28461,,433.02499,,,528.65961,,669.51349,,722.72113,,827.13269,,,806.68079,,760.97693,,,733.86346,,,624.22498,,,568.33075,985.28461,870.94037,761.06348,,894.95001,,1011.877,,908.95575,,,826.64612,,,739.95001,,,712.99805,,1836.7019,,,,,1500.8038,,2631.6172,,,3100.5095,,,,,,,,,,,,,,,,,,,,,,,,,,,,,,,,,,,,,,,,,,,,,,,,,,,,,,,,,,,,,,,,,,,,,,,,,,,,,,,,,,,,,,,,,,,,,,,,,,,,,,,,,,,,,,,,,,,,,,,,,,,,,,,,,,,,,,,,,,,,,,,,,,,,,,,,,,,,,,,,,,,,,,,,,,,,,,,,,,,,,,,,,,,,,,,,,,,,,,,,,,,,,,,,,,,,,,,,,,,,,,,,,,,,,,,,,,,,,,,,,,,,,,,,,,,,,,,,,,,,,,,,,,,,,,,,
1974,,,,,,,,,,,,,,,,,,,,,,,,,,,,,,,,,,,,,,,,,,,,250.45,,324.27499,,,390.64999,,481.60001,,546.375,,602.97498,,,612.84998,,564.54999,,,539.625,,,454.57501,,,411.5,775.77502,662.47498,563.57501,,661.45001,,763.04999,,660.42499,,,611.97498,,,538.32501,,,501.32501,,1347.8,,,,,1092,,1939.9,,,2270.1499,,313.67499,,404.72501,,,496.10001,,608.70001,,696.54999,,771.40002,,,764.22498,,708.97498,,,679.27502,,,581.125,,,516.09998,952.5,820.79999,713.15002,,864.40002,,958.09998,,828.57501,,,767.77502,,,688.75,,,661.02502,,1691.125,,,,,1397.075,,2438.375,,,2859.3999,,349.30002,,481.22501,,,589.97498,,750.72498,,808.07501,,922.07501,,,897.59998,,845.59998,,,810.77502,,,686.82501,,,624.29999,1109.45,963.32501,853.625,,1011.1,,1143.55,,1022.325,,,928.79999,,,826.04999,,,791.72498,,2055.075,,,,,1664.4,,2939.125,,,3472.2751,,,,,,,,,,,,,,,,,,,,,,,,,,,,,,,,,,,,,,,,,,,,,,,,,,,,,,,,,,,,,,,,,,,,,,,,,,,,,,,,,,,,,,,,,,,,,,,,,,,,,,,,,,,,,,,,,,,,,,,,,,,,,,,,,,,,,,,,,,,,,,,,,,,,,,,,,,,,,,,,,,,,,,,,,,,,,,,,,,,,,,,,,,,,,,,,,,,,,,,,,,,,,,,,,,,,,,,,,,,,,,,,,,,,,,,,,,,,,,,,,,,,,,,,,,,,,,,,,,,,,,,,,,,,,,,,
1975,,,,,,,,,,,,,,,,,,,,,,,,,,,,,,,,,,,,,,,,,,,,267.60001,,345.63528,,,415.2706,,521.01178,,580.79999,,642,,,650.40002,,600,,,573.59998,,,482.39999,,,435.60001,818.50586,721.79999,600,,707.5412,,803.85883,,706.79999,,,651.59998,,,573.59998,,,534,,1437.6,,,,,1161.6,,2092.1646,,,2474.0117,,333.60001,,428.47058,,,523.41174,,659.04706,,741.59998,,822,,,812.40002,,756,,,722.40002,,,616.79999,,,548.40002,1010.4353,892.90588,760.79999,,907.02356,,1009.553,,888,,,822,,,735.59998,,,703.20001,,1808.4,,,,,1488,,2625.7764,,,3118.5881,,373.20001,,510.07059,,,626.57648,,806.01178,,861.59998,,985.20001,,,956.40002,,902.40002,,,861.59998,,,730.79999,,,663.59998,1192.2354,1056.6353,912,,1079.7177,,1209.9177,,1096.8,,,996,,,883.20001,,,844.79999,,2199.6001,,,,,1776,,3165.353,,,3777.3882,,,,,,,,,,,,,,,,,,,,,,,,,,,,,,,,,,,,,,,,,,,,,,,,,,,,,,,,,,,,,,,,,,,,,,,,,,,,,,,,,,,,,,,,,,,,,,,,,,,,,,,,,,,,,,,,,,,,,,,,,,,,,,,,,,,,,,,,,,,,,,,,,,,,,,,,,,,,,,,,,,,,,,,,,,,,,,,,,,,,,,,,,,,,,,,,,,,,,,,,,,,,,,,,,,,,,,,,,,,,,,,,,,,,,,,,,,,,,,,,,,,,,,,,,,,,,,,,,,,,,,,,,,,,,,,,
1976,237.89999,,269.70001,,,326.70001,,417,522.59998,,497.39999,,,,482.39999,,,435.89999,,643.5,606.59998,,558.29999,,614.09998,,,591.59998,,,524.70001,,,,1181.1,,,1056.9,1670.4,,,2013.6,293.39999,,,345.21472,,,413.02942,,535.21326,672.59998,,,,640.5,,,,,,629.70001,,,,,565.79999,,,821.09412,767.79999,,,714.13379,,791.61615,,,,776.70001,,,,,682.79999,,,,,,1546.8,,,,1373.4,2149.0852,,,2591.4631,359.10001,,,426.2294,,,513.01324,,671.77795,844.79999,,,,794.40002,,,,,,784.20001,,,,,697.5,,,1019.9897,946.44409,,,897.12646,,992.39703,,,,981.59998,,,,,849.29999,,,,,,1942.8,,,,1699.8,2685.9985,,,3254.6868,424.79999,,,508.17941,,,618.87354,,809.13824,1015.2,,,,950.40002,,,,,,938.70001,,,,,830.40002,,,1215.3147,1128.2147,,,1077.0323,,1195.8074,,,,1185.6,,,,,1023.9,,,,,,2336.7,,,,2040,3230.522,,,3917.3367,,,,,,,,,,,,,,,,,,,,,,,,,,,,,,,,,,,,,,,,,,,,,,,,,,,,,,,,,,,,,,,,,,,,,,,,,,,,,,,,,,,,,,,,,,,,,,,,,,,,,,,,,,,,,,,,,,,,,,,,,,,,,,,,,,,,,,,,,,,,,,,,,,,,,,,,,,,,,,,,,,,,,,,,,,,,,,,,,,,,,,,,,,,,,,,,,,,,,,,,,,,,,,,,,,,,,,,,,,,,,,,,,,,,,,,,,,,,,,,,,,,,,,,,,,,,,,,,,,,,,,,,,,,,,,,,
1977,248.375,,279.32501,,,338.75,,431.22501,541.67499,,516.29999,,,,508.70001,,,462.10001,,681.97498,644.97498,,577.125,,635.52496,,,620,,,552.65002,,,,1241.425,,,1116.5,1746.775,,,2101.6001,305.17499,,,358.85001,,,429.07501,,557.82501,696.34998,,,,664.67499,,,,,,671.59998,,,,,606.04999,,,878.47498,829.59998,,,740.20001,,820.47498,,,,817.45001,,,,,724.125,,,,,,1637.75,,,,1463.1,2276.9751,,,2743.2251,374.07501,,,442.97501,,,532.27502,,699.82501,875.82501,,,,824.72498,,,,,,834.15002,,,,,745.45001,,,1094.2,1020.575,,,928.375,,1028.375,,,,1034.2,,,,,899.02502,,,,,,2055.7251,,,,1802.525,2843.6001,,,3444,442.79999,,,527.77502,,,642.15002,,840.22498,1051.425,,,,985.75,,,,,,996,,,,,885.34998,,,1299.95,1213.85,,,1114.6,,1239,,,,1247.025,,,,,1083.65,,,,,,2467.7,,,,2166.0249,3412.95,,,4134.6748,,,,,,,,,,,,,,,,,,,,,,,,,,,,,,,,,,,,,,,,,,,,,,,,,,,,,,,,,,,,,,,,,,,,,,,,,,,,,,,,,,,,,,,,,,,,,,,,,,,,,,,,,,,,,,,,,,,,,,,,,,,,,,,,,,,,,,,,,,,,,,,,,,,,,,,,,,,,,,,,,,,,,,,,,,,,,,,,,,,,,,,,,,,,,,,,,,,,,,,,,,,,,,,,,,,,,,,,,,,,,,,,,,,,,,,,,,,,,,,,,,,,,,,,,,,,,,,,,,,,,,,,,,,,,,,,
1978,271,,305.82501,,,370.70001,,471.89999,593.25,,566.79999,,,,557.77502,,,505.92499,,745.40002,703.15002,,631.97498,,696.90002,,,681.625,,,606.875,,,,1363.3251,,,1224.5,1915.925,,,2304.55,331.14999,,,390.54999,,,466.39999,,607.34998,758.97498,,,,725.09998,,,,,,729.125,,,,,657.72498,,,954.32501,899.89996,,,806.45001,,896.375,,,,895.20001,,,,,791.32501,,,,,,1786.75,,,,1594.45,2481.2749,,,2990.6499,405.97501,,,484.07501,,,579.65002,,762.75,955.5,,,,899.92499,,,,,,908.32501,,,,,811.79999,,,1188.775,1108.25,,,1012.45,,1125.15,,,,1133.4,,,,,985.02502,,,,,,2246.3,,,,1975.225,3105.45,,,3759.9751,479.54999,,,575.92499,,,697.04999,,914.07501,1145.2,,,,1073.8,,,,,,1083.4,,,,,962.77502,,,1412.05,1317.025,,,1212.225,,1352.5,,,,1363.875,,,,,1185.225,,,,,,2691.7251,,,,2363.25,3720.25,,,4506.5498,,,,,,,,,,,,,,,,,,,,,,,,,,,,,,,,,,,,,,,,,,,,,,,,,,,,,,,,,,,,,,,,,,,,,,,,,,,,,,,,,,,,,,,,,,,,,,,,,,,,,,,,,,,,,,,,,,,,,,,,,,,,,,,,,,,,,,,,,,,,,,,,,,,,,,,,,,,,,,,,,,,,,,,,,,,,,,,,,,,,,,,,,,,,,,,,,,,,,,,,,,,,,,,,,,,,,,,,,,,,,,,,,,,,,,,,,,,,,,,,,,,,,,,,,,,,,,,,,,,,,,,,,,,,,,,,
1979,294.53333,,332.55835,,,402.59167,,513.15833,644.125,,615.71667,,,,601.47498,,,544.26666,,802.59998,755.22498,,687.29169,,757.70001,,,737.22498,,,654.83331,,,,1472.9083,,,1319.1583,2073.8501,,,2495.9834,358.22501,,,424.54999,,,506.45831,,659.84998,824.27502,,,,786.75,,,,,,783.41669,,,,,704.625,,,1026.8833,966.43335,,,877.75836,,974.67499,,,,967.75836,,,,,852.26666,,,,,,1926.4,,,,1712.9333,2682.1833,,,3235.3,439.30835,,,525.06665,,,629.6333,,828.71667,1038.2417,,,,976.96667,,,,,,977.125,,,,,871.82501,,,1278.0333,1191.5583,,,1101.7916,,1223.425,,,,1224.8,,,,,1062.525,,,,,,2422.8418,,,,2127.6833,3356.625,,,4068.8833,518.58331,,,625.33331,,,757.48334,,994.23334,1244.775,,,,1165.75,,,,,,1166.6417,,,,,1035.1917,,,1520.0834,1417.2916,,,1320.075,,1471.4584,,,,1474.2833,,,,,1278.3167,,,,,,2904.6667,,,,2544.9917,4023.7417,,,4879.9331,,,,,,,,,,,,,,,,,,,,,,,,,,,,,,,,,,,,,,,,,,,,,,,,,,,,,,,,,,,,,,,,,,,,,,,,,,,,,,,,,,,,,,,,,,,,,,,,,,,,,,,,,,,,,,,,,,,,,,,,,,,,,,,,,,,,,,,,,,,,,,,,,,,,,,,,,,,,,,,,,,,,,,,,,,,,,,,,,,,,,,,,,,,,,,,,,,,,,,,,,,,,,,,,,,,,,,,,,,,,,,,,,,,,,,,,,,,,,,,,,,,,,,,,,,,,,,,,,,,,,,,,,,,,,,,,
1980,318.76666,,358.96667,,,435.93335,,556.06665,697.19995,,661.93335,,,,643.09998,,,583.43335,,859.09998,809.59998,,743.93335,,817.09998,,,790.20001,,,702.66669,,,,1576.2666,,,1414.3667,2228.2,,,2686.5667,386.20001,,,455.79999,,,544.76666,,709.29999,885.79999,,,,842.40002,,,,,,835.43335,,,,,752.70001,,,1094.3667,1032.2667,,,942.16669,,1043.2,,,,1029.7666,,,,,908.33331,,,,,,2051.8999,,,,1827.0667,2865.7666,,,3460.3,471.36667,,,561.63336,,,675.16669,,888.53333,1112.1333,,,,1043.8334,,,,,,1038.4,,,,,928.09998,,,1361.3667,1269.6666,,,1180.4333,,1306.4,,,,1299.3,,,,,1128.7,,,,,,2572.9333,,,,2262.9666,3574.5,,,4338.3667,556.46667,,,667.16669,,,810.36664,,1062.4667,1330.1,,,,1243.2,,,,,,1236.3334,,,,,1098.7334,,,1614.7666,1506.5333,,,1410.7,,1567.5667,,,,1560.4667,,,,,1353.3333,,,,,,3076.4333,,,,2697.5334,4274.3335,,,5189.3667,,,,,,,,,,,,,,,,,,,,,,,,,,,,,,,,,,,,,,,,,,,,,,,,,,,,,,,,,,,,,,,,,,,,,,,,,,,,,,,,,,,,,,,,,,,,,,,,,,,,,,,,,,,,,,,,,,,,,,,,,,,,,,,,,,,,,,,,,,,,,,,,,,,,,,,,,,,,,,,,,,,,,,,,,,,,,,,,,,,,,,,,,,,,,,,,,,,,,,,,,,,,,,,,,,,,,,,,,,,,,,,,,,,,,,,,,,,,,,,,,,,,,,,,,,,,,,,,,,,,,,,,,,,,,,,,
1981,347.25,,392.42499,,,477.07501,,608.47498,763,,719.77502,,,,695.625,,,633.17499,,926.92499,872.90002,,813,,890.27502,,,855.79999,,,761.45001,,,,1706.15,,,1533.8501,2420.925,,,2922.8999,419.27499,,,495.97501,,,592.79999,,772.32501,964.375,,,,913.32501,,,,,,894.95001,,,,,808.59998,,,1172.4249,1107.05,,,1023.975,,1130.125,,,,1107.1,,,,,977.52502,,,,,,2202.5249,,,,1964.9249,3090.825,,,3738.75,511.57501,,,610.29999,,,733.32501,,964.84998,1208.35,,,,1130,,,,,,1110.9,,,,,996.59998,,,1457.725,1360.425,,,1279.95,,1413.75,,,,1394.975,,,,,1212.825,,,,,,2757.075,,,,2430.55,3849.5,,,4679.0752,604.04999,,,723.52496,,,879,,1153.4,1443.925,,,,1345.2,,,,,,1323.8,,,,,1179.8,,,1731,1614.45,,,1528.625,,1696.25,,,,1674.625,,,,,1453.575,,,,,,3297.925,,,,2896.7251,4600.9502,,,5595.75,,,,,,,,,,,,,,,,,,,,,,,,,,,,,,,,,,,,,,,,,,,,,,,,,,,,,,,,,,,,,,,,,,,,,,,,,,,,,,,,,,,,,,,,,,,,,,,,,,,,,,,,,,,,,,,,,,,,,,,,,,,,,,,,,,,,,,,,,,,,,,,,,,,,,,,,,,,,,,,,,,,,,,,,,,,,,,,,,,,,,,,,,,,,,,,,,,,,,,,,,,,,,,,,,,,,,,,,,,,,,,,,,,,,,,,,,,,,,,,,,,,,,,,,,,,,,,,,,,,,,,,,,,,,,,,,
1982,361.29999,,419.25577,,,499.9827,,633.53656,790.04614,,757.38269,,,,725.45001,,,661.15002,,964.65002,907.79999,,838.66919,,914.22113,,,891,,,794.29999,,,,1777.9,,,1601.3,2549.2327,,,3053.5769,436.14999,,,527.61346,,,622.06152,,811.68652,1002.6442,,,,954.38654,,,,,,933.90002,,,,,845.59998,,,1223.45,1153.9,,,1072.0134,,1174.8557,,,,1155.8,,,,,1021.45,,,,,,2298.6499,,,,2053.45,3249.6711,,,3914.3269,532.34998,,,645.09998,,,769.82501,,1016.6423,1262.1577,,,,1179.5154,,,,,,1162,,,,,1044.2,,,1523.05,1422.05,,,1341.5885,,1469.4961,,,,1458.75,,,,,1270.65,,,,,,2882.95,,,,2546.1001,4042.4155,,,4906.2905,629.5,,,767.36346,,,924.53845,,1212.8846,1504.0635,,,,1407.8616,,,,,,1385.8,,,,,1238,,,1811.6,1689.5,,,1599.925,,1758.0347,,,,1754.25,,,,,1523.95,,,,,,3454.05,,,,3038.05,4852.1348,,,5877.1807,,,,,,,,,,,,,,,,,,,,,,,,,,,,,,,,,,,,,,,,,,,,,,,,,,,,,,,,,,,,,,,,,,,,,,,,,,,,,,,,,,,,,,,,,,,,,,,,,,,,,,,,,,,,,,,,,,,,,,,,,,,,,,,,,,,,,,,,,,,,,,,,,,,,,,,,,,,,,,,,,,,,,,,,,,,,,,,,,,,,,,,,,,,,,,,,,,,,,,,,,,,,,,,,,,,,,,,,,,,,,,,,,,,,,,,,,,,,,,,,,,,,,,,,,,,,,,,,,,,,,,,,,,,,,,,,
1983,,,474.77832,,,520.21051,,640.1748,766.39929,,791.19232,,,799.47278,,,792.38184,,,,,,805.51257,,846.14478,,886.58179,,,809.61816,,,,1854.491,,,1762.6909,,2668.647,,,3080.3413,,,,576.87061,,,639.79303,,842.64758,971.11261,,,,952.01117,,,,,990.81818,,,,959.72729,,,,,,,,,1092.0251,,1145.6329,,,1127.1272,,,,1066.5818,,,,,,,2329.5818,,,2229.2727,,,3328.2903,,,3925.3867,,,,673.85455,,,788.09998,,1055.6622,1243.7286,,,,1153.1392,,,,,1196.4546,,,,1177.6364,,,,,,,,,1363.7706,,1417.5356,,,1408.6364,,,,1307.0182,,,,,,,2866.2,,,2733.491,,,4066.3845,,,4903.8208,,,,807.78882,,,943.74335,,1237.6427,1448.3434,,,,1387.3112,,,,,1518.491,,,,1397.9454,,,,,,,,,1602.6273,,1651.2881,,,1689.491,,,,1560.9272,,,,,,,3528.4363,,,3255.0544,,,4947.1152,,,5881.5693,,,,,,,,,,,,,,,,,,,,,,,,,,,,,,,,,,,,,,,,,,,,,,,,,,,,,,,,,,,,,,,,,,,,,,,,,,,,,,,,,,,,,,,,,,,,,,,,,,,,,,,,,,,,,,,,,,,,,,,,,,,,,,,,,,,,,,,,,,,,,,,,,,,,,,,,,,,,,,,,,,,,,,,,,,,,,,,,,,,,,,,,,,,,,,,,,,,,,,,,,,,,,,,,,,,,,,,,,,,,,,,,,,,,,,,,,,,,,,,,,,,,,,,,,,,,,,,,,,,,,,,,,,,,,,,,
1984,,,498.16592,,,539.93182,,663.0636,786.60455,,818,,,818.36365,,,808.10907,,,,,,824.3432,,860.95911,,911.35907,,,829.91589,,,,1903.0796,,,1802.0546,,2767.8206,,,3180.1018,,,,599.84088,,,660.49548,,872.64093,991.69318,,,,974.42725,,,,,1011.9909,,,,977.73639,,,,,,,,,1126.4364,,1170.4863,,,1154.3613,,,,1092.2341,,,,,,,2383.084,,,2277.2388,,,3426.6887,,,4030.6863,,,,696.67047,,,812.70001,,1091.0204,1272.9136,,,,1176.0454,,,,,1222.8977,,,,1201.8818,,,,,,,,,1402.4159,,1444.1432,,,1442.1068,,,,1338.2909,,,,,,,2932,,,2794.2795,,,4174.375,,,5028.9385,,,,835.44775,,,973.69318,,1272.4727,1474.6682,,,,1416.9523,,,,,1550.5546,,,,1428.7772,,,,,,,,,1643.6727,,1675.1772,,,1730.9546,,,,1598.4364,,,,,,,3609.6069,,,3330.2478,,,5090.6499,,,6028.6499,,,,,,,,,,,,,,,,,,,,,,,,,,,,,,,,,,,,,,,,,,,,,,,,,,,,,,,,,,,,,,,,,,,,,,,,,,,,,,,,,,,,,,,,,,,,,,,,,,,,,,,,,,,,,,,,,,,,,,,,,,,,,,,,,,,,,,,,,,,,,,,,,,,,,,,,,,,,,,,,,,,,,,,,,,,,,,,,,,,,,,,,,,,,,,,,,,,,,,,,,,,,,,,,,,,,,,,,,,,,,,,,,,,,,,,,,,,,,,,,,,,,,,,,,,,,,,,,,,,,,,,,,,,,,,,,
1985,,,506.1904,,,549.26538,,675.5,801.57312,,830.46155,,,828.16919,,,817.53076,,,,,,836.90961,,872.71155,,924.40387,,,839.09424,,,,1928.2942,,,1822.7461,,2808.0288,,,3229.7461,,,,612.84998,,,674.37305,,891.8808,1014.0673,,,,992.37695,,,,,1027.7693,,,,992.80768,,,,,,,,,1149.4,,1191.4884,,,1173.1481,,,,1111.7173,,,,,,,2421.2366,,,2315.2441,,,3488.1404,,,4106.8652,,,,711.93268,,,829.73077,,1114.475,1298.7577,,,,1199.5692,,,,,1243.9712,,,,1223.7693,,,,,,,,,1430.2404,,1472.2404,,,1468.3558,,,,1365.3539,,,,,,,2983.5308,,,2848.2019,,,4253.9902,,,5125.5596,,,,856.86731,,,996.71344,,1299.8691,1505.627,,,,1445.6096,,,,,1579.8539,,,,1459.2808,,,,,,,,,1677.7847,,1708.0347,,,1765.0308,,,,1632.1538,,,,,,,3678.8481,,,3400.198,,,5198.4653,,,6150.3809,,,,,,,,,,,,,,,,,,,,,,,,,,,,,,,,,,,,,,,,,,,,,,,,,,,,,,,,,,,,,,,,,,,,,,,,,,,,,,,,,,,,,,,,,,,,,,,,,,,,,,,,,,,,,,,,,,,,,,,,,,,,,,,,,,,,,,,,,,,,,,,,,,,,,,,,,,,,,,,,,,,,,,,,,,,,,,,,,,,,,,,,,,,,,,,,,,,,,,,,,,,,,,,,,,,,,,,,,,,,,,,,,,,,,,,,,,,,,,,,,,,,,,,,,,,,,,,,,,,,,,,,,,,,,,,,
1986,,,518.45959,,,561.78461,,691.27502,819.97693,,848.73846,,,850.33081,,,840.81921,,,,,,855.94037,,890.11346,,949.32117,,,861.1308,,,,1980.0057,,,1872.7039,,2879.8962,,,3310.9038,,,,628.875,,,692.27692,,915.79425,1039.9827,,,,1020.1731,,,,,1062.4558,,,,1026.8673,,,,,,,,,1180.325,,1221.7865,,,1205.8269,,,,1149.1577,,,,,,,2495.3635,,,2393.5059,,,3589.4346,,,4224.0596,,,,732.96729,,,853.26923,,1145.65,1335.6923,,,,1236.3807,,,,,1289.9288,,,,1271.8557,,,,,,,,,1472.1846,,1514.6846,,,1518.5692,,,,1416.8212,,,,,,,3089.3442,,,2957.5232,,,4394.7344,,,5289.8403,,,,882.40771,,,1026.1366,,1337.6808,1549.4481,,,,1493.3154,,,,,1644.8462,,,,1521.6443,,,,,,,,,1727.2404,,1757.3654,,,1829.3943,,,,1697.2711,,,,,,,3821.1021,,,3540.3269,,,5382.7847,,,6361.3691,,,,,,,,,,,,,,,,,,,,,,,,,,,,,,,,,,,,,,,,,,,,,,,,,,,,,,,,,,,,,,,,,,,,,,,,,,,,,,,,,,,,,,,,,,,,,,,,,,,,,,,,,,,,,,,,,,,,,,,,,,,,,,,,,,,,,,,,,,,,,,,,,,,,,,,,,,,,,,,,,,,,,,,,,,,,,,,,,,,,,,,,,,,,,,,,,,,,,,,,,,,,,,,,,,,,,,,,,,,,,,,,,,,,,,,,,,,,,,,,,,,,,,,,,,,,,,,,,,,,,,,,,,,,,,,,
1987,,,542.68408,,,587.04547,,720.12952,854.33636,,890,,,892.53638,,,884.84998,,,,,,891.36139,,927.01135,,991.38409,,,903.20001,,,,2072.666,,,1967.1954,,3013.6499,,,3458.3865,,,,658.00226,,,722.62726,,956.00684,1086.3022,,,,1065.9409,,,,,1112.4886,,,,1078.5386,,,,,,,,,1233.3977,,1278.1614,,,1263.8591,,,,1204.15,,,,,,,2614.3523,,,2510.9568,,,3756.9773,,,4418.6567,,,,766.91138,,,892.44543,,1199.6227,1400.1545,,,,1295.1954,,,,,1351.9659,,,,1336.1522,,,,,,,,,1541.8727,,1587.5636,,,1589.7363,,,,1483.675,,,,,,,3235.8931,,,3102.0181,,,4601.0591,,,5541.4795,,,,925.89093,,,1073.2386,,1400.7772,1624.2068,,,,1567.7091,,,,,1730.6,,,,1598.5659,,,,,,,,,1810.5522,,1841.5773,,,1919.8705,,,,1780.325,,,,,,,4015.3069,,,3716.3408,,,5649.6001,,,6675.4546,,,,,,,,,,,,,,,,,,,,,,,,,,,,,,,,,,,,,,,,,,,,,,,,,,,,,,,,,,,,,,,,,,,,,,,,,,,,,,,,,,,,,,,,,,,,,,,,,,,,,,,,,,,,,,,,,,,,,,,,,,,,,,,,,,,,,,,,,,,,,,,,,,,,,,,,,,,,,,,,,,,,,,,,,,,,,,,,,,,,,,,,,,,,,,,,,,,,,,,,,,,,,,,,,,,,,,,,,,,,,,,,,,,,,,,,,,,,,,,,,,,,,,,,,,,,,,,,,,,,,,,,,,,,,,,,
1988,,,567.13635,,,613.17273,,751.66364,893.09998,,929.23639,,,934.03638,,,925.00909,,,,,,931.63635,,967.63635,,1035.3273,,,943.00909,,,,2166.0818,,,2054.7546,,3149.6729,,,3614.1272,,,,690.43634,,,755.42725,,1000.3091,1137.0818,,,,1115.6182,,,,,1165.5,,,,1131.9,,,,,,,,,1290.6545,,1335.5728,,,1324.4454,,,,1260.3,,,,,,,2739.4363,,,2631.0273,,,3935.8091,,,4627.3364,,,,804.54547,,,934.69092,,1255.7181,1466.2637,,,,1356.3273,,,,,1418.509,,,,1403.7819,,,,,,,,,1615.5818,,1659.3818,,,1663.6637,,,,1555.2273,,,,,,,3389.8909,,,3254.7273,,,4821.4092,,,5804.1543,,,,973.5,,,1123.8,,1467.2455,1701.9546,,,,1643.6182,,,,,1819.5273,,,,1680.2727,,,,,,,,,1895.7,,1927.6636,,,2014.3364,,,,1868.1545,,,,,,,4217.5908,,,3903.1091,,,5931.1636,,,7003.0635,,,,,,,,,,,,,,,,,,,,,,,,,,,,,,,,,,,,,,,,,,,,,,,,,,,,,,,,,,,,,,,,,,,,,,,,,,,,,,,,,,,,,,,,,,,,,,,,,,,,,,,,,,,,,,,,,,,,,,,,,,,,,,,,,,,,,,,,,,,,,,,,,,,,,,,,,,,,,,,,,,,,,,,,,,,,,,,,,,,,,,,,,,,,,,,,,,,,,,,,,,,,,,,,,,,,,,,,,,,,,,,,,,,,,,,,,,,,,,,,,,,,,,,,,,,,,,,,,,,,,,,,,,,,,,,,
1989,,,612.6084,,,661.75104,,811.18182,963.50208,,1001.8713,,,1010.2196,,,998.02936,,,,,,1007.8196,,1045.5426,,1116.9636,,,1016.2448,,,,2340.158,,,2215.6462,,3401.5427,,,3901.8672,,,,746.06714,,,812.83777,,1077.5707,1224.6602,,,,1202.6294,,,,,1255.8672,,,,1221.8364,,,,,,,,,1388.9805,,1436.2448,,,1428.3147,,,,1358.3077,,,,,,,2952.821,,,2837.7678,,,4243.0869,,,4986.4126,,,,869.9259,,,1006.3636,,1348.0476,1577.7972,,,,1459.7888,,,,,1527.7076,,,,1511.9833,,,,,,,,,1735.8685,,1781.6853,,,1787.3846,,,,1674.1189,,,,,,,3646.1985,,,3504.7776,,,5191.3818,,,6240.937,,,,1051.1707,,,1206.0056,,1573.9734,1826.6406,,,,1765.9343,,,,,1959.042,,,,1806.2517,,,,,,,,,2033.6727,,2069.7397,,,2164.1567,,,,2007.9301,,,,,,,4535.6655,,,4195.4155,,,6380.375,,,7523.8125,,,,,,,,,,,,,,,,,,,,,,,,,,,,,,,,,,,,,,,,,,,,,,,,,,,,,,,,,,,,,,,,,,,,,,,,,,,,,,,,,,,,,,,,,,,,,,,,,,,,,,,,,,,,,,,,,,,,,,,,,,,,,,,,,,,,,,,,,,,,,,,,,,,,,,,,,,,,,,,,,,,,,,,,,,,,,,,,,,,,,,,,,,,,,,,,,,,,,,,,,,,,,,,,,,,,,,,,,,,,,,,,,,,,,,,,,,,,,,,,,,,,,,,,,,,,,,,,,,,,,,,,,,,,,,,,
1990,,,651.64618,,,702.28076,,856.20001,1018.2115,,1066.1423,,,1064.7076,,,1054.9365,,,,,,1060.3827,,1104.1846,,1177.375,,,1072.4462,,,,2465.9941,,,2340.3789,,3596.0095,,,4116.4941,,,,791.66925,,,862.18268,,1140.3884,1295.6057,,,,1271.3115,,,,,1321.5442,,,,1286.3,,,,,,,,,1469.4423,,1519.4961,,,1503.6057,,,,1429.8423,,,,,,,3108.0403,,,2987.323,,,4479.002,,,5261.144,,,,921.9173,,,1064.9,,1429.0865,1667.0096,,,,1539.0635,,,,,1602.5173,,,,1586.1827,,,,,,,,,1831.9769,,1885.1942,,,1879.0154,,,,1758.0039,,,,,,,3829.6924,,,3678.3521,,,5468.3501,,,6577.6289,,,,1114.3385,,,1275.7058,,1664.2039,1932.6731,,,,1860.2385,,,,,2046.0057,,,,1890.9596,,,,,,,,,2149.5,,2188.0193,,,2270.6865,,,,2104.6904,,,,,,,4748.4116,,,4394.9097,,,6706.7363,,,7913.5693,,,,,,,,,,,,,,,,,,,,,,,,,,,,,,,,,,,,,,,,,,,,,,,,,,,,,,,,,,,,,,,,,,,,,,,,,,,,,,,,,,,,,,,,,,,,,,,,,,,,,,,,,,,,,,,,,,,,,,,,,,,,,,,,,,,,,,,,,,,,,,,,,,,,,,,,,,,,,,,,,,,,,,,,,,,,,,,,,,,,,,,,,,,,,,,,,,,,,,,,,,,,,,,,,,,,,,,,,,,,,,,,,,,,,,,,,,,,,,,,,,,,,,,,,,,,,,,,,,,,,,,,,,,,,,,,
1991,,,676.875,,,729.07501,,891.875,1060.325,,1109.35,,,1113.2,,,1104.5,,,,,,1101.075,,1141.475,,1225.375,,,1115.25,,,,2572,,,2442.2,,3744.5249,,,4290.7749,,,,824.15002,,,896.20001,,1186.85,1349,,,,1321.425,,,,,1381.9,,,,1348.425,,,,,,,,,1528.025,,1578.425,,,1569.475,,,,1495.1,,,,,,,3246.6499,,,3127.7,,,4671.7251,,,5487.2251,,,,960.75,,,1108.4,,1485.2,1733.625,,,,1601.275,,,,,1678.25,,,,1662.725,,,,,,,,,1901.35,,1960.8,,,1958.775,,,,1838,,,,,,,4001.05,,,3851.25,,,5706.1748,,,6855.8501,,,,1162.425,,,1325.15,,1730.5,2007.2,,,,1935.125,,,,,2149.825,,,,1978.875,,,,,,,,,2234.4751,,2274.1499,,,2371.075,,,,2201.425,,,,,,,4972.75,,,4598.6748,,,7008.4751,,,8258.5996,,,,,,,,,,,,,,,,,,,,,,,,,,,,,,,,,,,,,,,,,,,,,,,,,,,,,,,,,,,,,,,,,,,,,,,,,,,,,,,,,,,,,,,,,,,,,,,,,,,,,,,,,,,,,,,,,,,,,,,,,,,,,,,,,,,,,,,,,,,,,,,,,,,,,,,,,,,,,,,,,,,,,,,,,,,,,,,,,,,,,,,,,,,,,,,,,,,,,,,,,,,,,,,,,,,,,,,,,,,,,,,,,,,,,,,,,,,,,,,,,,,,,,,,,,,,,,,,,,,,,,,,,,,,,,,,
1992,,,680.42047,,,731.26135,,894.27502,1064.4296,,1112.9364,,,1109.7181,,,1100.2432,,,,,,1105.3,,1145.4023,,1228.1455,,,1114.8318,,,,2571.366,,,2436.7024,,3749.5454,,,4296.5684,,,,827.52271,,,900.59772,,1192.0818,1355.1614,,,,1326.175,,,,,1378.4069,,,,1341.8977,,,,,,,,,1534.5386,,1585.1295,,,1571.3636,,,,1491.9045,,,,,,,3245.1704,,,3117.5181,,,4677.8911,,,5497.0137,,,,963.82501,,,1109.7819,,1490.384,1738.6727,,,,1607.4319,,,,,1672.8613,,,,1653.2772,,,,,,,,,1912.1136,,1968.8932,,,1958.9114,,,,1835.4955,,,,,,,3995.1953,,,3837.9204,,,5705.3794,,,6860.8296,,,,1167.7705,,,1328.6295,,1736.4591,2011.7046,,,,1942.6886,,,,,2139.4954,,,,1971.2273,,,,,,,,,2245.2205,,2281.2183,,,2371.7954,,,,2197.7227,,,,,,,4962.5093,,,4585.9956,,,7007.6909,,,8259.4551,,,,,,,,,,,,,,,,,,,,,,,,,,,,,,,,,,,,,,,,,,,,,,,,,,,,,,,,,,,,,,,,,,,,,,,,,,,,,,,,,,,,,,,,,,,,,,,,,,,,,,,,,,,,,,,,,,,,,,,,,,,,,,,,,,,,,,,,,,,,,,,,,,,,,,,,,,,,,,,,,,,,,,,,,,,,,,,,,,,,,,,,,,,,,,,,,,,,,,,,,,,,,,,,,,,,,,,,,,,,,,,,,,,,,,,,,,,,,,,,,,,,,,,,,,,,,,,,,,,,,,,,,,,,,,,,
1993,,,700.20453,,,752.06366,,919.54999,1094.9955,,1145.2136,,,1149.9818,,,1140.3818,,,,,,1140.9,,1179.0728,,1268.7545,,,1150.8182,,,,2660.259,,,2520.7227,,3871.0046,,,4433.2817,,,,855.67725,,,929.22729,,1231.6182,1400.2136,,,,1373.25,,,,,1433.2181,,,,1397.1273,,,,,,,,,1587.0364,,1638.1954,,,1631.0864,,,,1551.0955,,,,,,,3370.7046,,,3243.3818,,,4849.209,,,5696.1362,,,,1000,,,1148.4681,,1538.991,1800.7772,,,,1667.4681,,,,,1742.7637,,,,1724.1727,,,,,,,,,1976.9364,,2037.6819,,,2032.0137,,,,1906.9546,,,,,,,4152.0547,,,3994.0046,,,5923.2456,,,7114.5454,,,,1211.5546,,,1372.6455,,1795.491,2078.5454,,,,2016.0364,,,,,2238.0544,,,,2054.7727,,,,,,,,,2322.7546,,2360.8818,,,2465.4045,,,,2287.3772,,,,,,,5173.791,,,4775.9043,,,7287.6592,,,8577.4951,,,,,,,,,,,,,,,,,,,,,,,,,,,,,,,,,,,,,,,,,,,,,,,,,,,,,,,,,,,,,,,,,,,,,,,,,,,,,,,,,,,,,,,,,,,,,,,,,,,,,,,,,,,,,,,,,,,,,,,,,,,,,,,,,,,,,,,,,,,,,,,,,,,,,,,,,,,,,,,,,,,,,,,,,,,,,,,,,,,,,,,,,,,,,,,,,,,,,,,,,,,,,,,,,,,,,,,,,,,,,,,,,,,,,,,,,,,,,,,,,,,,,,,,,,,,,,,,,,,,,,,,,,,,,,,,
1994,,,713.79999,,,768.09998,,938.29999,1116.7,,1166.1,,,1164.7,,,1152,,,,,,1160.4,,1202.2,,1291.1,,,1168.7,,,,2701.5,,,2552.8999,,3937.7,,,4510.7998,,,,870.5,,,946.09998,,1254.1,1425.6,,,,1394.7,,,,,1451.7,,,,1409.9,,,,,,,,,1614.5,,1664.8,,,1651.7,,,,1573.3,,,,,,,3413.7,,,3281.5,,,4920,,,5783.1001,,,,1017.1,,,1167.1,,1567,1829.9,,,,1692.9,,,,,1764.3,,,,1743.6,,,,,,,,,2009.2,,2071.5,,,2064.8999,,,,1937.7,,,,,,,4212.2002,,,4049.3999,,,6013.3999,,,7226.1001,,,,1232.2,,,1398.1,,1823.8,2113.6001,,,,2045.5,,,,,2260.2,,,,2083.3,,,,,,,,,2360.8,,2399.8,,,2502.8,,,,2323.2,,,,,,,5239.2998,,,4847.1001,,,7393.2998,,,8700.4004,,,,,,,,,,,,,,,,,,,,,,,,,,,,,,,,,,,,,,,,,,,,,,,,,,,,,,,,,,,,,,,,,,,,,,,,,,,,,,,,,,,,,,,,,,,,,,,,,,,,,,,,,,,,,,,,,,,,,,,,,,,,,,,,,,,,,,,,,,,,,,,,,,,,,,,,,,,,,,,,,,,,,,,,,,,,,,,,,,,,,,,,,,,,,,,,,,,,,,,,,,,,,,,,,,,,,,,,,,,,,,,,,,,,,,,,,,,,,,,,,,,,,,,,,,,,,,,,,,,,,,,,,,,,,,,,
1995,,,729.79999,,,787.40002,,964.5,1148.3,,1194.9,,,1201.7,,,1184.8,,,,,,1191.6,,1230.8,,1327.9,,,1199.5,,,,2782.6001,,,2619.5,,4046.8,,,4642.3999,,,,894.70001,,,972.59998,,1290.5,1466.6,,,,1433.4,,,,,1500.2,,,,1455.6,,,,,,,,,1658.7,,1709,,,1701.5,,,,1626.1,,,,,,,3521.2,,,3387,,,5069,,,5958.7998,,,,1046.3,,,1201.3,,1610.8,1881.9,,,,1742.1,,,,,1828.3,,,,1808.66,,,,,,,,,2062.6001,,2130.8,,,2133.7,,,,2008.2,,,,,,,4358,,,4195.1001,,,6209.2998,,,7454.3999,,,,1269.5,,,1439.8,,1875.5,2174.7,,,,2106.7,,,,,2348.7,,,,2164,,,,,,,,,2427.2,,2468.7,,,2590.8999,,,,2411,,,,,,,5433.7002,,,5028.2998,,,7648.9004,,,8989.7998,,,,,,,,,,,,,,,,,,,,,,,,,,,,,,,,,,,,,,,,,,,,,,,,,,,,,,,,,,,,,,,,,,,,,,,,,,,,,,,,,,,,,,,,,,,,,,,,,,,,,,,,,,,,,,,,,,,,,,,,,,,,,,,,,,,,,,,,,,,,,,,,,,,,,,,,,,,,,,,,,,,,,,,,,,,,,,,,,,,,,,,,,,,,,,,,,,,,,,,,,,,,,,,,,,,,,,,,,,,,,,,,,,,,,,,,,,,,,,,,,,,,,,,,,,,,,,,,,,,,,,,,,,,,,,,,
1996,,,759,,,821,,1007.6,1197.9,,1241.9,,,1244.9,,,1225.3,,,,,,1240.5,,1282.2,,1380.5,,,1246,,,,2888,,,2718.3999,,4205.3999,,,4830.8999,,,,929,,,1014.3,,1345.1,1527.6,,,,1488.2,,,,,1546.4,,,,1500.2,,,,,,,,,1725.5,,1777.3,,,1763.3,,,,1682.2,,,,,,,3640.6001,,,3500.6001,,,5253,,,6182.3999,,,,1086.5,,,1252.2,,1676,1952.1,,,,1803.3,,,,,1878.8,,,,1860,,,,,,,,,2139.2,,2211.1001,,,2201.5,,,,2069.5,,,,,,,4488.2998,,,4322.5,,,6419,,,7708.3999,,,,1317.4,,,1500.8,,1949.4,2261.3999,,,,2178.3,,,,,2406.8999,,,,2225.3999,,,,,,,,,2516.7,,2559,,,2668.2,,,,2482.3,,,,,,,5582.6001,,,5178.6001,,,7893.2998,,,9285.9004,,,,,,,,,,,,,,,,,,,,,,,,,,,,,,,,,,,,,,,,,,,,,,,,,,,,,,,,,,,,,,,,,,,,,,,,,,,,,,,,,,,,,,,,,,,,,,,,,,,,,,,,,,,,,,,,,,,,,,,,,,,,,,,,,,,,,,,,,,,,,,,,,,,,,,,,,,,,,,,,,,,,,,,,,,,,,,,,,,,,,,,,,,,,,,,,,,,,,,,,,,,,,,,,,,,,,,,,,,,,,,,,,,,,,,,,,,,,,,,,,,,,,,,,,,,,,,,,,,,,,,,,,,,,,,,,
1997,,,770.59998,,,835.09998,,1027.6,1220.8,,1263.8,,,1272.1,,,1251,,,,,,1266.2,,1307.4,,1411.7,,,1273.6,,,,2952,,,2777.1001,,4289.5,,,4932.2002,,,,945.40002,,,1035,,1373.1,1559.6,,,,1519.1,,,,,1584.6,,,,1535.6,,,,,,,,,1762.7,,1816.1,,,1804.5,,,,1724.1,,,,,,,3728.1001,,,3585.7,,,5369.5,,,6321.7998,,,,1106,,,1278.9,,1712,1994,,,,1842.2,,,,,1925.9,,,,1906.6,,,,,,,,,2184.6001,,2260.8,,,2257.8999,,,,2123.1001,,,,,,,4602.2002,,,4433.7998,,,6568.7002,,,7889.2002,,,,1340.9,,,1533.9,,1992.5,2310.3999,,,,2225.3999,,,,,2469.3999,,,,2283.2,,,,,,,,,2572,,2614.8999,,,2734.5,,,,2547.8999,,,,,,,5724.2998,,,5314.2998,,,8078.7002,,,9506.7998,,,,,,,,,,,,,,,,,,,,,,,,,,,,,,,,,,,,,,,,,,,,,,,,,,,,,,,,,,,,,,,,,,,,,,,,,,,,,,,,,,,,,,,,,,,,,,,,,,,,,,,,,,,,,,,,,,,,,,,,,,,,,,,,,,,,,,,,,,,,,,,,,,,,,,,,,,,,,,,,,,,,,,,,,,,,,,,,,,,,,,,,,,,,,,,,,,,,,,,,,,,,,,,,,,,,,,,,,,,,,,,,,,,,,,,,,,,,,,,,,,,,,,,,,,,,,,,,,,,,,,,,,,,,,,,,
1998,,,784.29999,,,850.60004,,1052.9,1250.1,,1288.8,,,1300.9,,,1276.5,,,,,,1297.8,,1335.6,,1440.4,,,1297.9,,,,3015.5,,,2832,,4376.2002,,,5044.2998,,,,965.40002,,,1057.9,,1408.2,1595.4,,,,1553.9,,,,,1620.7,,,,1573.4,,,,,,,,,1803.2,,1856.4,,,1851.2,,,,1765.6,,,,,,,3819.2,,,3673,,,5495.2002,,,6475.5,,,,1134,,,1309.2,,1750.9,2039.7,,,,1887.1,,,,,1974.5,,,,1957.2,,,,,,,,,2234.2,,2313,,,2309.3,,,,2174,,,,,,,4712.2002,,,4544.2998,,,6727,,,8074.3999,,,,1374.9,,,1569.6,,2038.5,2361.2,,,,2279.7,,,,,2534.8999,,,,2341.3,,,,,,,,,2627.8,,2672.3999,,,2799.2,,,,2611.1001,,,,,,,5867.6001,,,5447.7998,,,8278.5996,,,9733.7998,,,,,,,,,,,,,,,,,,,,,,,,,,,,,,,,,,,,,,,,,,,,,,,,,,,,,,,,,,,,,,,,,,,,,,,,,,,,,,,,,,,,,,,,,,,,,,,,,,,,,,,,,,,,,,,,,,,,,,,,,,,,,,,,,,,,,,,,,,,,,,,,,,,,,,,,,,,,,,,,,,,,,,,,,,,,,,,,,,,,,,,,,,,,,,,,,,,,,,,,,,,,,,,,,,,,,,,,,,,,,,,,,,,,,,,,,,,,,,,,,,,,,,,,,,,,,,,,,,,,,,,,,,,,,,,,
1999,,810.23999,804.20001,809.28003,,873.79999,,1080.4,1282.4,,1323.55,,,1319.45,,,1297,,,,,,1324.05,,1363.65,,1462.35,,,1318.65,,,,3060.25,,,2877.2,,4450.7998,4477.2002,,5144.6001,,,996.23999,990.89996,996.23999,,1085.7,,1444.7,1637.95,,,,1591.55,,,,,1645.5,,,,1601.2,,,,,,,,,1847.1,,1897.6,,,1884.9501,,,,1794.95,,,,,,,3883.7,,,3735.95,,,5591.8999,5633.52,,6613.1001,,,1169.76,1161,1169.76,,1342.7001,,1795.5499,2087.8,,,,1930,,,,,2005,,,,1990.4,,,,,,,,,2288.8,,2366.8,,,2347.3,,,,2212.25,,,,,,,4787.4502,,,4622.8501,,,6836.3999,6891.6001,,8235.6504,,,1421.52,1412.1001,1421.52,,1611.4,,2088.6001,2421.95,,,,2331.8501,,,,,2568.3999,,,,2383.1001,,,,,,,,,2686.5,,2730,,,2843.8501,,,,2653.75,,,,,,,5953.5498,,,5540.6001,,,8411.7002,8477.5205,,9922.7998,1318.2,1555.2,1734,1591.2,3658.2,6198.6001,1643.4,1968.6,2166,1981.2,4561.7998,7759.2002,,1232.4587,1223.2712,1230.9985,,1329.14,,,1996.8448,,2056.5669,,,,1953.1549,,,,2009.5627,,,,,1947.4906,,,,,2197.5378,2514.4014,2791.9458,2470.7754,5789.2856,9974.0244,,1515.3839,1507.2611,1515.3839,,1651.4618,,,2785.6743,,2861.835,,,,2658.6396,,,,2416.4705,,,,,2404.2573,,,,,2731.2168,3204.9619,3476.7683,3010.5771,7136.4722,12421.191,,1779.3258,1766.0009,1779.3258,,2042.3855,,,3451.8171,,3569.4514,,,,3276.7351,,,,2930.3433,,,,,2988.6548,,,,,3176.9766,3717.9121,4212.2471,3856.5417,8874.7334,14965.787,,2162.2788,2147.95,2162.2788,,2451.106,,,4051.6018,,4117.2056,,,,3930.675,,,,3540.4775,,,,,3578.3076,,,,,,988.57672,981.20734,987.40546,,1066.1265,,,1587.8596,,1635.3496,,,,1563.606,,,,1600.624,,,,,1564.1262,,,,,1762.6836,1986.3846,2235.1035,1984.4023,4642.5459,7967.959,,1215.516,1209.0006,1215.516,,1324.6664,,,2215.1243,,2275.686,,,,2128.3845,,,,1924.7275,,,,,1930.9783,,,,,2190.7568,2531.9294,2783.3408,2417.9438,5722.8823,9922.9297,,1427.2284,1416.5403,1427.2284,,1638.2332,,,2744.8306,,2838.3716,,,,2623.2034,,,,2334.0291,,,,,2400.3369,,,,,2548.3086,2937.1619,3372.1313,3097.3799,7116.8291,11955.733,,1734.4017,1722.9084,1734.4016,,1966.0748,,,3221.77,,3273.937,,,,3146.7178,,,,2820.0032,,,,,2873.9163,,,,
2000,,821.59998,,819,,887.40002,,1099.1,1306,,1349.8,,,1347.1,,,1323.8,,,,,,1346.2,,1386.7,,1484.6,,,1344.7,,,,3115.2,,,2935.5,,,4538.1001,,5236.7998,,,1008.4,,1008.4,,1106.1,,1471.6,1667.6,,,,1624.1,,,,,1688.3,,,,1641.1,,,,,,,,,1884.2,,1941.7001,,,1929.1,,,,1839.1,,,,,,,3979.1001,,,3828.3,,,,5731.8999,,6756.6001,,,1184.5,,1184.5,,1368.1,,1832.1,2132.8999,,,,1973.3,,,,,2056.3,,,,2038.9,,,,,,,,,2337.8,,2421,,,2406.3,,,,2264,,,,,,,4908.7998,,,4733.3999,,,,7015.2002,,8427.5996,,,1438.2,,1438.2,,1641.3,,2130.6001,2470.3,,,,2384.3,,,,,2638.3,,,,2440.8999,,,,,,,,,2748.3,,2793.8,,,2916.7,,,,2718,,,,,,,6110.6001,,,5674.7002,,,,8634.5,,10155.899,1339.2,1583.4,1757.4,1611.9,3706.5,6291.8999,1644.6,1974.6,2185.2,1992,4595.1001,7796.3999,,1229.3726,,1225.4822,,1327.8301,,,2008.4337,,2068.8567,,,,1979.2794,,,,2018.408,,,,,1957.5457,,,,,2201.9773,2521.3191,2839.4646,2496.5435,5869.4028,10059.036,,1508.8843,,1508.8843,,1655.0741,,,2811.0911,,2896.877,,,,2706.9924,,,,2428.5791,,,,,2426.7473,,,,,2741.3989,3224.8269,3541.8611,3040.717,7240.7637,12546.772,,1772.3854,,1772.3854,,2047.1086,,,3487.8298,,3611.958,,,,3332.4077,,,,2950.7515,,,,,3014.9871,,,,,3188.0493,3734.9575,4293.1245,3901.3391,9013.4883,15119.816,,2152.0005,,2152.0005,,2455.9021,,,4100.2666,,4168.1489,,,,4000.6558,,,,3565.3357,,,,,3609.437,,,,,,1001.0797,,997.91174,,1081.2538,,,1612.8536,,1661.3757,,,,1591.793,,,,1625.8171,,,,,1584.02,,,,,1793.0731,2021.8054,2283.5784,2020.1699,4734.3779,8117.9067,,1228.6864,,1228.6865,,1347.729,,,2257.4199,,2326.3096,,,,2177.0405,,,,1956.2079,,,,,1963.6918,,,,,2232.325,2585.937,2848.4656,2460.5078,5840.5454,10125.576,,1443.2557,,1443.2557,,1666.9633,,,2800.8687,,2900.5486,,,,2680.0173,,,,2376.8149,,,,,2439.6875,,,,,2596.0327,2995.0024,3452.6531,3156.9119,7270.4609,12202.09,,1752.3767,,1752.3768,,1999.8444,,,3292.6802,,3347.1924,,,,3217.4414,,,,2871.8594,,,,,2920.7087,,,,
2001,,847.29999,,843.79999,,918.59998,,1139.3,1348.5,,1397.4,,,1396.5,,,1372.8,,,,,,1394,,1435.3,,1535.2,,,1394.4,,,,3225.1001,,,3044,,,4694.1001,,5419.5,,,1042.6,,1042.6,,1143.5,,1522.7,1725.5,,,,1683,,,,,1750.2,,,,1704.7,,,,,,,,,1951.8,,2012.8,,,2003.2,,,,1905.4,,,,,,,4128.7998,,,3971.2,,,,5939.5,,7001.6001,,,1223.6,,1223.6,,1416.7,,1896,2209.6001,,,,2043.6,,,,,2131.7,,,,2115.2,,,,,,,,,2421,,2509,,,2495.6001,,,,2345.2,,,,,,,5090.2998,,,4906.3999,,,,7267.6001,,8732.9004,,,1486.6,,1486.6,,1696.1,,2207.8999,2558,,,,2469.6001,,,,,2736,,,,2526.8,,,,,,,,,2847.3999,,2894.7,,,3023,,,,2816.3,,,,,,,6335,,,5877.3999,,,,8941.7002,,10524.9,1376.45,1628.65,1817.15,1663.35,3828.8999,6485.6001,1699.5,2042.95,2242.75,2042.7,4714.1001,8027.8999,,1263.922,,1258.7009,,1370.2805,,,2074.1772,,2135.6289,,,,2037.0575,,,,2080.5244,,,,,2008.0333,,,,,2271.4197,2614.0972,2926.4441,2560.0669,6035.0298,10371.463,,1555.2521,,1555.252,,1705.7651,,,2904.1458,,2994.9097,,,,2783.5696,,,,2505.741,,,,,2493.5127,,,,,2828.2734,3347.499,3645.7837,3118.0977,7440.4458,12936.036,,1825.2507,,1825.2506,,2113.2988,,,3602.2834,,3733.2214,,,,3426.0664,,,,3042.6216,,,,,3093.9626,,,,,3293.5361,3875.3176,4416.2544,4002.0244,9259.8135,15590.524,,2217.5693,,2217.5691,,2530.0815,,,4236.7373,,4307.1167,,,,4114.2896,,,,3676.8735,,,,,3696.0217,,,,,,1023.6689,,1019.4404,,1109.8103,,,1666.8102,,1716.1927,,,,1650.4912,,,,1676.0654,,,,,1635.1213,,,,,1839.6561,2083.9714,2371.1016,2084.6367,4901.7891,8378.9238,,1259.6213,,1259.6213,,1381.5242,,,2333.7734,,2406.7112,,,,2255.3398,,,,2018.6189,,,,,2030.4423,,,,,2290.6602,2668.6431,2953.9343,2539.0354,6043.3003,10450.798,,1478.2972,,1478.2972,,1711.5918,,,2894.7974,,3000.019,,,,2775.9121,,,,2451.1287,,,,,2519.3826,,,,,2667.4832,3089.4229,3578.1948,3258.8081,7521.0317,12595.313,,1796.0417,,1796.0417,,2049.1501,,,3404.645,,3461.2017,,,,3333.533,,,,2962.0806,,,,,3009.6333,,,,
2002,,864.84998,,864.09998,,940.34998,,1172.5,1383.5,,1434.6,,,1432.3,,,1403.65,,,,,,1435.35,,1484.75,,1585.6,,,1435.85,,,,3319.6499,,,3123.45,,,4822.3501,,5573.8999,,,1061.2,,1061.2,,1165.7,,1552.4,1760.4,,,,1715.15,,,,,1789.85,,,,1740.95,,,,,,,,,1989.6,,2054.5999,,,2049.45,,,,1950.65,,,,,,,4223.2998,,,4060.8999,,,,6066.2002,,7152.1001,,,1247.1,,1247.1,,1442.1,,1932.6,2253.3999,,,,2081.4001,,,,,2178.3501,,,,2156.8,,,,,,,,,2464.1501,,2559.45,,,2548.1501,,,,2395.3501,,,,,,,5199.25,,,5007.6001,,,,7415.7002,,8912.5,,,1511.3,,1511.3,,1726.7001,,2247.1499,2603.7,,,,2511.55,,,,,2793.3999,,,,2575.05,,,,,,,,,2899.2,,2951.6499,,,3086.6499,,,,2874.8501,,,,,,,6467.9502,,,5994.8501,,,,9118.0498,,10730.9,1385.7,1637.7,1849.8,1695.3,3900,6568.5,1758,2110.8,2306.3999,2104.8,4852.5,8280,,1296.7218,,1295.5973,,1409.9235,,,2138.8774,,2212.4905,,,,2088.575,,,,2148.4714,,,,,2062.6982,,,,,2327.6069,2685.8347,2981.1121,2630.2285,6173.4106,10624.408,,1591.1212,,1591.1212,,1747.8043,,,2964.7896,,3061.6484,,,,2837.3987,,,,2568.626,,,,,2558.3689,,,,,2897.6638,3438.0027,3706.5171,3201.1389,7600.0063,13239.474,,1869.8523,,1869.8523,,2162.2275,,,3671.9373,,3813.9475,,,,3484.2556,,,,3117.126,,,,,3169.4707,,,,,3369.2874,3972.4539,4489.814,4104.9697,9454.5293,15940.698,,2265.9834,,2265.9834,,2588.9456,,,4320.2241,,4398.3818,,,,4181.7319,,,,3761.3228,,,,,3784.0994,,,,,,1022.1088,,1021.2224,,1111.3373,,,1686.7957,,1744.8496,,,,1675.098,,,,1698.1056,,,,,1661.3893,,,,,1834.6786,2083.8503,2390.939,2118.5037,4961.6284,8428.3125,,1254.1619,,1254.1617,,1377.6635,,,2338.1396,,2414.5261,,,,2275.6765,,,,2030.1868,,,,,2060.6245,,,,,2284.0117,2667.4326,2972.7349,2578.3403,6108.1968,10502.836,,1473.8647,,1473.8647,,1704.3224,,,2895.8218,,3007.8164,,,,2794.4746,,,,2463.7092,,,,,2552.8333,,,,,2655.7573,3082.0957,3600.9619,3306.3262,7598.6948,12645.71,,1786.1053,,1786.1052,,2040.6724,,,3407.084,,3468.7222,,,,3353.8711,,,,2972.8687,,,,,3047.8826,,,,
2003,,880.70001,,878.90002,,959.40002,,1198.7,1409.2,,1460.6,,,1462.4,,,1437.8,,,,,,1462.3,,1511.5,,1615.4,,,1469.5,,,,3385.7,,,3198.0999,,,4916.1001,,5685.7002,,,1090.9,,1084.7,,1191.1,,1592.5,1799.6,,,,1752.6,,,,,1829.2,,,,1777.1,,,,,,,,,2033.1,,2094.5,,,2095.6001,,,,1997.3,,,,,,,4317.2998,,,4152.1001,,,,6200.6001,,7316.8999,,,1280.6,,1277.9,,1474.1,,1972.6,2300.3999,,,,2126.8,,,,,2230.8,,,,2209,,,,,,,,,2515.3999,,2614.3999,,,2609.3999,,,,2456.5,,,,,,,5324.3999,,,5132.1001,,,,7592.2002,,9113.2002,,,1554.5,,1553.1,,1768,,2294.1001,2666.3999,,,,2567,,,,,2868.3,,,,2642,,,,,,,,,2958.8,,3024.1001,,,3169.6001,,,,2948,,,,,,,6641.7002,,,6149,,,,9359,,10998.4,1387.2,1639.5,1859.4,1691.4,3906,6577.5,1756.2,2113.5,2317.5,2109.8999,4870.2002,8297.0996,,1290.3024,,1287.6652,,1405.6047,,,2145.4985,,2217.6851,,,,2108.1875,,,,2148.946,,,,,2074.408,,,,,2333.1514,2699.0168,3006.4089,2639.1062,6210.271,10677.497,,1598.2637,,1589.1801,,1745.0654,,,2982.9807,,3073.0674,,,,2865.3848,,,,2578.5586,,,,,2563.938,,,,,2890.031,3450.1104,3743.5212,3218.5208,7658.9463,13298.824,,1876.1907,,1872.235,,2159.6851,,,3690.6152,,3835.8687,,,,3524.1665,,,,3129.1104,,,,,3187.0684,,,,,3361.0566,3999.0325,4547.2007,4138.2837,9553.832,16049.883,,2277.478,,2275.4268,,2590.2742,,,4341.1753,,4436.9844,,,,4229.2866,,,,3776.7661,,,,,3811.7859,,,,,,1019.1934,,1017.1103,,1110.2692,,,1692.2264,,1749.1625,,,,1691.4624,,,,1694.3091,,,,,1662.9479,,,,,1842.9265,2093.7017,2412.1326,2115.6379,4980.7642,8464.5527,,1262.4481,,1255.2731,,1378.4048,,,2352.7769,,2423.8311,,,,2298.9846,,,,2033.0317,,,,,2055.3794,,,,,2282.7986,2676.3452,3003.5398,2580.1252,6142.6313,10542.602,,1481.9791,,1478.8545,,1705.9076,,,2910.9116,,3025.478,,,,2827.5449,,,,2467.1072,,,,,2554.9114,,,,,2654.8557,3102.1592,3648.356,3317.4526,7662.3687,12723.495,,1798.9509,,1797.3307,,2046.0244,,,3424.0303,,3499.5981,,,,3393.2842,,,,2977.7429,,,,,3055.7158,,,,
2004,,921.40002,,916.29999,,1005.1,,1255.2,1471.7,,1534.6,,,1534.5,,,1509.7,,,,,,1534.1,,1580.4,,1689.3,,,1539.8,,,,3546.2,,,3354.6001,,,5145.1001,,5950.5,,,1147.6,,1131.7,,1245.2,,1671.3,1881.3,,,,1836.6,,,,,1908.2,,,,1855.4,,,,,,,,,2125.6001,,2186.3,,,2186.7,,,,2086.3999,,,,,,,4504.1997,,,4335.7002,,,,6471.8999,,7647.5,,,1347.6,,1346.4,,1542.1,,2061.2,2405.8999,,,,2235.8999,,,,,2333.3,,,,2313.3,,,,,,,,,2635.3,,2738.3,,,2727.3999,,,,2572,,,,,,,5567,,,5373.7998,,,,7949.1001,,9528.0996,,,1633.3,,1630.5,,1853.8,,2406.3999,2795.3,,,,2688.8,,,,,3008.7,,,,2771.5,,,,,,,,,3096.3999,,3177.7,,,3328,,,,3087.5,,,,,,,6970.3999,,,6444.7998,,,,9820.5996,,11538.4,1445.1,1708.5,1954.8,1797.9,4128.2998,6906.6001,1834.8,2208,2421.8999,2215.5,5100.8999,8679.9004,,1346.865,,1339.4099,,1469.2141,,,2250.5066,,2318.4282,,,,2207.5662,,,,2259.0068,,,,,2179.6938,,,,,2443.0381,2822.5254,3135.0076,2755.0452,6478.8989,11155.287,,1677.5149,,1654.2728,,1820.1825,,,3118.2302,,3207.2764,,,,2991.2104,,,,2703.5657,,,,,2678.813,,,,,3012.978,3609.5857,3910.1931,3368.8018,8007.645,13898.488,,1969.8667,,1968.1125,,2254.1787,,,3865.9541,,4017.054,,,,3687.4009,,,,3291.355,,,,,3339.9258,,,,,3517.5771,4193.8047,4771.2559,4343.9395,10026.313,16830.883,,2387.4915,,2383.3984,,2709.8093,,,4542.3823,,4661.6484,,,,4426.458,,,,3958.0461,,,,,4001.4717,,,,,,1060.7992,,1054.9276,,1157.1622,,,1778.0741,,1831.7374,,,,1781.8038,,,,1789.7689,,,,,1768.843,,,,,1924.1521,2184.0056,2530.3743,2235.7463,5243.5527,8876.2666,,1321.2211,,1302.9155,,1433.587,,,2463.6428,,2533.9961,,,,2414.3105,,,,2141.9846,,,,,2173.8833,,,,,2373.0403,2793.0149,3156.0535,2733.8157,6480.8091,11059.032,,1551.4792,,1550.0978,,1775.4053,,,3054.4026,,3173.783,,,,2976.2302,,,,2607.679,,,,,2710.3828,,,,,2770.4658,3245.0706,3851.0474,3525.1494,8114.5737,13392.34,,1880.403,,1877.1794,,2134.2627,,,3588.833,,3683.0625,,,,3572.7493,,,,3135.8862,,,,,3247.2336,,,,
2005,,928.59998,,928.09998,,1025.3,,1286.7,1508.2,,1572.2,,,1573.1,,,1545.9,,,,,,1573.5,,1626,,1736.4,,,1580.8,,,,3640.5,,,3439.4001,,,5263,,6104.2998,,,1166.1,,1152.9,,1270.8,,1709.1,1924.7,,,,1880.8,,,,,1952.8,,,,1898.7,,,,,,,,,2176,,2243.7,,,2241.5,,,,2134.5,,,,,,,4613.8999,,,4436.2998,,,,6617.7998,,7828.2002,,,1365.7,,1372.8,,1570.9,,2108.3999,2464.5,,,,2288.3999,,,,,2390.3999,,,,2367.8,,,,,,,,,2698.7,,2807.8,,,2797.2,,,,2633.8,,,,,,,5706.2998,,,5501.7998,,,,8131.3999,,9759.7998,,,1637.3,,1658.9,,1884.5,,2462.2,2860.3999,,,,2755.3,,,,,3077.3999,,,,2837.6001,,,,,,,,,3171.8999,,3257.7,,,3412.8,,,,3162.3999,,,,,,,7139.5,,,6599.8999,,,,10034,,11813,1486.5,1758.6,2002.5,1851.3,4239,7098.6001,1901.1,2285.7,2514.6001,2302.2,5297.7002,9003.2998,,1372.0071,,1371.2683,,1514.8815,,,2331.6782,,2409.4751,,,,2289.2651,,,,2341.7878,,,,,2262.3933,,,,,2525.1963,2916.9121,3246.0701,2857.8833,6714.2036,11545.899,,1722.9135,,1703.4105,,1877.6079,,,3224.488,,3324.8088,,,,3091.116,,,,2801.447,,,,,2778.7087,,,,,3115.1621,3734.9873,4050.8174,3498.3018,8303.877,14394.838,,2017.8226,,2028.313,,2321.0059,,,3999.0466,,4160.7158,,,,3814.1868,,,,3408.5659,,,,,3465.2273,,,,,3637.9019,4334.9795,4942.3101,4503.7124,10389.488,17423.125,,2419.1118,,2451.0259,,2784.3499,,,4700.2544,,4827.3965,,,,4579.6885,,,,4104.0122,,,,,4152.77,,,,,,1072.7939,,1072.2163,,1184.5096,,,1824.6887,,1885.5696,,,,1823.0546,,,,1841.7333,,,,,1819.2898,,,,,1974.4907,2244.2498,2585.0056,2298.1494,5372.4272,9103.2988,,1347.1732,,1331.9236,,1468.1311,,,2523.3699,,2601.8772,,,,2461.6079,,,,2203.2388,,,,,2234.4817,,,,,2435.7944,2873.6704,3225.8655,2813.1382,6644.4185,11349.527,,1577.7672,,1585.9698,,1814.8309,,,3129.5122,,3256.0286,,,,3037.4248,,,,2680.7166,,,,,2786.5415,,,,,2844.5327,3335.3,3935.8052,3621.6328,8313.2373,13737.163,,1891.5417,,1916.4957,,2177.127,,,3678.2522,,3777.749,,,,3647.0315,,,,3227.6606,,,,,3339.4248,,,,
2006,,938.40002,,940.90002,,1042.9,,1319.8,1547.5,,1602.7,,,1609.3,,,1578.5,,,,,,1609.8,,1674.7,,1783.9,,,1620.4,,,,3732.3,,,3519.2,,,5376.7002,,6260.5,,,1189.3,,1173.3,,1291.5,,1750.6,1970.2,,,,1926.3,,,,,1993.3,,,,1934.2,,,,,,,,,2227.1001,,2305.8999,,,2290.2,,,,2175.4001,,,,,,,4712.3003,,,4520.7002,,,,6748.6001,,8004.6001,,,1384.2,,1398.7,,1592.6,,2162,2518.7,,,,2327.6001,,,,,2435.3999,,,,2408.3,,,,,,,,,2748.8999,,2861.5,,,2851.8,,,,2682.2,,,,,,,5815.8999,,,5599.3999,,,,8278.4004,,9967.7998,,,1667,,1687.2,,1921.9,,2524.6001,2937.2,,,,2824.8,,,,,3138.7,,,,2897.8999,,,,,,,,,3258.2,,3333.5,,,3487.8999,,,,3235.2,,,,,,,7289.2002,,,6746.3999,,,,10235.8,,12088.5,1515.7001,1795.425,2026.125,1867.05,4282.4248,7204.1748,1990.35,2393.8501,2640.075,2416.2749,5561.3999,9439.7754,,1415.1722,,1418.9425,,1572.7655,,,2436.3198,,2534.5413,,,,2398.1038,,,,2442.8025,,,,,2370.0303,,,,,2640.0261,3047.7307,3389.3713,2992.8296,7021.6719,12069.583,,1793.5469,,1769.4178,,1947.6715,,,3370.5603,,3489.8184,,,,3219.4736,,,,2936.0271,,,,,2904.094,,,,,3260.4458,3896.2134,4220.5088,3656.6182,8666.1162,15029.757,,2087.4695,,2109.3367,,2401.7512,,,4160.2676,,4330.6802,,,,3969.5098,,,,3547.6804,,,,,3615.929,,,,,3807.272,4543.5972,5161.9019,4712.584,10861.441,18227.414,,2513.9514,,2544.4146,,2898.3584,,,4931.0576,,5045.019,,,,4787.9199,,,,4305.5024,,,,,4351.0361,,,,,,1077.6882,,1080.5593,,1197.6993,,,1848.0457,,1922.5505,,,,1840.4243,,,,1859.4307,,,,,1831.317,,,,,2010.4443,2285.8457,2601.1724,2312.5525,5406.873,9211.1709,,1365.8297,,1347.4548,,1483.1995,,,2556.7043,,2647.1663,,,,2470.7844,,,,2234.8672,,,,,2243.9868,,,,,2482.9092,2922.2209,3239.0288,2825.4604,6673.1382,11470.294,,1589.6589,,1606.3113,,1828.9922,,,3155.729,,3284.9934,,,,3046.3997,,,,2700.45,,,,,2794.0203,,,,,2899.3306,3407.7688,3961.5007,3641.4028,8363.5967,13910.657,,1914.4354,,1937.6338,,2207.1707,,,3740.4038,,3826.8481,,,,3674.488,,,,3277.2947,,,,,3362.0356,,,,
2007,,989.5,,966.59998,1048.3201,1071,1096.4399,1384.9,1603.7,1687.5601,1641.6,1679.28,1689.96,1651.2,,1663.4399,1625.4,,1643.04,,,1692.36,1649.3999,1751.16,1723.2,1878.24,1833,,1717.5601,1674,,1721.04,3924.96,3832.8,,3719.28,3628.7998,,,5521.7998,5712.8398,6542.8999,,,1280.9,,1229.4,1345.2,1347.6,1408.5,1851,2081.1001,,2091.6001,,2013,2096.3999,,2150.7,,2074.6499,,,2081.7,2011.8,,,2079.6001,,,,,2401.5,2320.5,2470.8,2402.1001,2464.8,,2380.8,,,2337.6001,2261.55,,,2330.0999,,5076.8999,,4900.5,,4860.6001,4700.8501,,,,7032.2998,7369.2002,8440.5996,,,1476.4,,1461.6,1625.4,1657.95,1735.5,2285.3,2657.7,,2534.3999,,2426.3999,2519.7,,2621.7,,2532.6001,,,2587.2,2503.5,,,2597.3999,,,,,2970,2862.3,3056.7,2974.6499,3049.2,,2959.6499,,,2868.8999,2787.8999,,,2888.7,,6237.8999,,6041.3999,,6001.5,5820.4502,,,,8611.6504,9032.0996,10494.4,,,1798.8,,1763.25,1972.5,2019.3,2114.1001,2681.3,3112.5,,3057.3,,2950.95,3065.3999,,3383.1001,,3265.95,,,3107.7,3012.6001,,,3121.2,,,,,3526.5,3404.1001,3582.8999,3471.75,3730.7998,,3621.8999,,,3467.1001,3362.3999,,,3471.6001,,7824.8999,,7576.5,,7232.0996,7012.3501,,,,10670.1,11200.5,12756.899,1610.5,1906.725,2136.825,1973.55,4520.9248,7626.5752,2137.95,2567.8501,2805.075,2576.7749,5919.8999,10087.476,,1527.5481,,1492.196,1618.3521,1653.3644,1692.6375,2649.8318,2582.5667,2741.8987,2698.1199,2874.3066,,2628.415,2561.7542,,2633.7405,2667.8218,2595.1648,2654.7322,2637.2617,,2595.876,2536.5129,,2564.041,,,2857.4954,3332.2649,3643.3838,3237.5884,7569.0015,13013.242,,1977.399,,1897.8956,2076.6626,2080.3677,2174.3826,3760.1758,3633.3494,3868.6831,3761.1155,3771.9307,,3577.2742,3460.8933,,3565.7964,3306.5586,3182.302,3314.1467,3356.2681,,3248.5903,3139.5083,,3245.3135,,,3527.9492,4255.5186,4529.209,3952.2412,9331.1631,16179.677,,2279.2036,,2256.356,2509.2236,2559.4729,2679.1912,4650.311,4481.6787,4786.0625,4657.5918,4666.249,,4390.3325,4266.3765,,4420.6328,4006.5698,3835.8357,3983.3313,4091.2856,,4037.4468,3906.8291,,4053.3643,,,4139.2773,4983.7461,5542.6626,5096.668,11702.182,19667.871,,2776.9111,,2722.0305,3045.0618,3117.3098,3263.658,5521.6572,5330.0083,5609.9663,5435.9321,5709.3145,,5305.7695,5145.5449,,5312.6563,4833.2095,4665.084,4846.0146,5279.4863,,4849.7114,4701.3037,,4870.7788,,,,1150.6893,,1124.059,1219.0912,1245.4657,1275.0498,1992.5055,1941.9264,2061.7339,2028.8151,2189.5635,,2002.2505,1951.4702,,2006.3073,2011.7196,1956.9312,2001.8491,2019.8768,,1988.1796,1942.7134,,1963.7971,,,2152.5276,2474.3315,2775.4243,2479.6667,5780.3149,9838.584,,1489.5583,,1429.6691,1564.3328,1567.1238,1637.9443,2827.4138,2732.0483,2909.0044,2828.1204,2873.3474,,2725.064,2636.4084,,2716.3206,2493.3708,2399.6726,2499.0925,2570.5632,,2488.093,2404.5471,,2485.5833,,,2657.575,3159.8821,3450.2202,3027.0186,7126.0474,12232.548,,1716.9053,,1699.6943,1890.1774,1928.0297,2018.2126,3496.739,3369.9385,3598.8154,3502.2136,3554.6133,,3344.4282,3250.0022,,3367.51,3021.2271,2892.4814,3003.7034,3133.5127,,3092.2776,2992.2375,,3104.4688,,,3118.0833,3700.6184,4222.2402,3903.5344,8936.7529,14869.775,,2091.8242,,2050.4832,2293.8198,2348.2437,2458.4866,4151.936,4007.8284,4218.3389,4087.4761,4349.1904,,4041.7817,3919.7271,,4047.0276,3644.5698,3517.7913,3654.2256,4043.5547,,3714.3906,3600.7251,,3730.5259,,
2008,,1060.2,,,1124.9,,1175.8,1491.6,1730.1,1833.8,,1822.3,1816.8,,,1798.9,,,1766.6,,,1824.7,,1902,,2036.8,,,1866.2,,,1865.5,4239.1001,,,4031.6001,,,,,6154.1001,7075.5,,,1400.7,,,1417.5,,1487,1999.9,2256.3,,2232.3,,,2238.6001,,2280.8,,,,,2221.3999,,,,2206.7,,,,,2548.8999,,2642,,2611.2,,,,,2481.7,,,,2457.1001,,5381.2002,,,,5173.2998,,,,,,7796.2998,9148.2002,,,1605.8,,,1715.3,,1829.4,2469.2,2873,,2676.1001,,,2686,,2783.3999,,,,,2753.1001,,,,2753.2,,,,,3155.7,,3271.5,,3253.3,,,,,3027.6001,,,,3042.3,,6640.7002,,,,6358.5,,,,,,9581.4004,11378.9,,,1950.2999,,,2080.1001,,2232.6001,2910.8999,3380.5,,3244.7,,,3298,,3586.2,,,,,3287.6001,,,,3306.6001,,,,,3733.7,,3799.5,,3962.5,,,,,3668.6001,,,,3701.6001,,8303.2002,,,,7651.7998,,,,,,11861.2,13839.8,1726.5,2044.525,2290.6001,2112.2251,4842.8501,8174.3252,2286,2744.2251,2998.9751,2751,6324.2998,10780.2,,1624.8439,,,1724.0021,,1802.0106,,,,,,,,,,,,,,,,,,,,,,3065.0117,3578.8655,,,,13938.157,,2146.6882,,,2172.4358,,2278.9502,,,,,,,,,,,,,,,,,,,,,,3784.2527,4557.0537,,,,17336.842,,2461.021,,,2628.8389,,2803.7065,,,,,,,,,,,,,,,,,,,,,,4461.1943,5362.0327,,,,21086.258,,2988.9956,,,3187.925,,3421.6438,,,,,,,,,,,,,,,,,,,,,,,1227.1622,,,1302.0514,,1360.9673,,,,,,,,,,,,,,,,,,,,,,2314.8481,2666.3557,,,,10568.916,,1621.2848,,,1640.7306,,1721.1757,,,,,,,,,,,,,,,,,,,,,,2858.0542,3395.1335,,,,13146.044,,1858.6844,,,1985.4287,,2117.4973,,,,,,,,,,,,,,,,,,,,,,3369.314,3994.8655,,,,15989.121,,2257.4368,,,2407.6782,,2584.1943,,,,,,,,,,,,,,,,,,,,,
2009,,1043.6,,,1125.5,,1164.8,1485.9,1702.9,1828.9,,1803.7,1793.7,,,1777.7,,,1738.8,,,1818.4,,1887.1,,2020.6,,,1848.2,,,1858.2,4195.6001,,,3988.3,,,,,6104.7998,7003.2998,,,1375.8,,,1409.8,,1474.4,2009.9,2235.5999,,2223.2,,,2231.7,,2256.5,,,,,2202.8,,,,2179.1001,,,,,2556.3999,,2641.8,,2599.3,,,,,2462.2,,,,2434.7,,5341.5,,,,5131.2002,,,,,,7740,9101.2998,,,1577.1,,,1709.3,,1820.2,2475.7,2869.8,,2662.5,,,2701.1001,,2782.1001,,,,,2737.1001,,,,2710.1001,,,,,3176,,3303.8,,3257.8999,,,,,3018.5,,,,3020.5,,6644.1001,,,,6331.1001,,,,,,9569.5996,11385.4,,,1902.6,,,2076.8,,2219,2914.8,3358.8999,,3240.5,,,3315.2,,3565.6001,,,,,3256.6001,,,,3260.8,,,,,3741.7,,3778,,3991,,,,,3653,,,,3718.6001,,8312.0996,,,,7600.1001,,,,,,11852.3,13830,1755,2079.0249,2351.8,2147.925,4949.6499,8333.9248,2387.3999,2862.7251,3160.375,2878.2,6642,11288.7,,1676.7551,,,1808.3441,,1871.4877,,,,,,,,,,,,,,,,,,,,,,3229.3123,3758.2405,,,,14670.491,,2210.502,,,2265.1299,,2368.9229,,,,,,,,,,,,,,,,,,,,,,3977.7144,4824.3867,,,,18352.26,,2533.9312,,,2746.3374,,2924.5205,,,,,,,,,,,,,,,,,,,,,,4683.2178,5646.6069,,,,22292.738,,3056.9128,,,3336.8008,,3565.2739,,,,,,,,,,,,,,,,,,,,,,,1232.5984,,,1329.3307,,1375.748,,,,,,,,,,,,,,,,,,,,,,2373.8977,2729.3838,,,,10830.544,,1624.9607,,,1665.1182,,1741.4174,,,,,,,,,,,,,,,,,,,,,,2924.0549,3503.6619,,,,13548.623,,1862.7166,,,2018.8583,,2149.8423,,,,,,,,,,,,,,,,,,,,,,3442.6772,4100.7905,,,,16457.695,,2247.1653,,,2452.9133,,2620.866,,,,,,,,,,,,,,,,,,,,,
2010,,1040.9,,,1123.6,,1166.8,1489.3,1706.3,1820.9,,1797.6,1791.3,,,1772.1,,,1745.1,,,1816.6,,1876.2,,2014.7,,,1841.4,,,1851.3,4186.8003,,,3974.8999,,,,,6096.3999,7001.3999,,,1384.2,,,1415.6,,1476,2024,2229.6001,,2215.8999,,,2228.3,,2255.7,,,,,2198.2,,,,2177.8,,,,,2559,,2632.3,,2600.2,,,,,2458.1001,,,,2430.8,,5341.5,,,,5122,,,,,,7747.7998,9109.5996,,,1585,,,1713.9,,1827.5,2484,2886,,2673.3,,,2690.3,,2782.5,,,,,2731,,,,2713.3,,,,,3186.8999,,3296.6001,,3252.5,,,,,3024,,,,3023.2,,6638.3999,,,,6330.5,,,,,,9576.7002,11404.9,,,1910.1,,,2086.1001,,2219.2,2918.8999,3368.3,,3244,,,3303.8,,3562.7,,,,,3263.1001,,,,3267,,,,,3751.7,,3786.7,,3988.5,,,,,3661.3999,,,,3714.8999,,8306.2002,,,,7616.8999,,,,,,11856.5,13838.8,1753.8,2078.55,2356.125,2139.5,4945.0249,8327.3252,2423.175,2905.575,3231.8999,2938.25,6787.0752,11498.775,,1693.6029,,,1828.1604,,1898.4493,,,,,,,,,,,,,,,,,,,,,,3293.1619,3796.677,,,,14961.186,,2252.1711,,,2303.2607,,2401.5352,,,,,,,,,,,,,,,,,,,,,,4041.6079,4914.4282,,,,18730.881,,2578.8843,,,2788.6118,,2973.4453,,,,,,,,,,,,,,,,,,,,,,4749.2144,5735.7134,,,,22728.205,,3107.8401,,,3394.2024,,3610.7632,,,,,,,,,,,,,,,,,,,,,,,1225.764,,,1323.1516,,1374.0239,,,,,,,,,,,,,,,,,,,,,,2383.4629,2716.0144,,,,10834.775,,1630.0341,,,1667.0109,,1738.1378,,,,,,,,,,,,,,,,,,,,,,2925.1589,3515.6157,,,,13564.761,,1866.4962,,,2018.2891,,2152.0642,,,,,,,,,,,,,,,,,,,,,,3437.2971,4103.1353,,,,16459.592,,2249.334,,,2456.592,,2613.3303,,,,,,,,,,,,,,,,,,,,,
2011,,1091.7,,,1178.9,,1232.5,1567.1,1798.4,1913.2,,1893.2,1886.5,,,1868.7999,,,1836.9,,,1910.8,,1981.3,,2122.8999,,,1942.8,,,1945,4410.7002,,,4192.7002,,,,,6421.1001,7375,,,1458.3,,,1497.1,,1556.8,2139.5,2343.6001,,2336.5,,,2344.7,,2376.6001,,,,,2319.3,,,,2298.8,,,,,2693.8999,,2767.6001,,2736.3999,,,,,2591,,,,2563.7,,5624,,,,5401.3999,,,,,,8166.6001,9595.7002,,,1664.4,,,1807.8,,1927,2614.8,3038,,2816.3,,,2819.3,,2923.8,,,,,2873.5,,,,2860.1001,,,,,3353.2,,3463.7,,3415.1001,,,,,3179.8999,,,,3177.6001,,6972.8999,,,,6658.7002,,,,,,10073.6,11991.6,,,2011,,,2201.2,,2332.2,3070.7,3548.8,,3418.7,,,3473.3999,,3749.3,,,,,3445.3,,,,3443.1001,,,,,3949.1001,,3996.2,,4190,,,,,3859.8999,,,,3898.1001,,8733.2998,,,,8036,,,,,,12472.9,14558.7,1800.6,2133.1499,2422.7251,2198,5083.625,8555.3252,2542.875,3049.875,3435.6001,3124.8501,7216.0752,12152.175,,1771.4611,,,1912.9574,,1999.932,,,,,,,,,,,,,,,,,,,,,,3471.6873,3974.4702,,,,15811.339,,2366.3293,,,2429.2886,,2526.1616,,,,,,,,,,,,,,,,,,,,,,4242.939,5152.0908,,,,19759.188,,2700.7603,,,2933.4502,,3126.8713,,,,,,,,,,,,,,,,,,,,,,4982.7109,6018.3477,,,,23989.135,,3263.1753,,,3571.8057,,3784.3743,,,,,,,,,,,,,,,,,,,,,,,1254.3647,,,1354.5577,,1416.1442,,,,,,,,,,,,,,,,,,,,,,2458.2883,2779.8323,,,,11131.436,,1675.5887,,,1720.1699,,1788.7654,,,,,,,,,,,,,,,,,,,,,,3004.4087,3603.4861,,,,13910.784,,1912.3979,,,2077.1648,,2214.1255,,,,,,,,,,,,,,,,,,,,,,3528.2383,4209.3652,,,,16888.734,,2310.6418,,,2529.1816,,2679.7009,,,,,,,,,,,,,,,,,,,,,
2012,,1103.6,,,1206.9,,1255.9,1604.6,1818.6,1962,,1930.3,1928.7,,,1901.9,,,1854.6,,,1957.8,,2017.7,,2169.7,,,1982.3,,,1995.9,4508.2998,,,4272.7002,,,,,6561.2002,7521.7002,,,1468.2,,,1521.5,,1586.2,2205,2405.3,,2391.0999,,,2400.2,,2431.8,,,,,2373.5,,,,2362.5,,,,,2767.8,,2828.1001,,2802.3,,,,,2640.8,,,,2629.6001,,5757.7002,,,,5515.7002,,,,,,8341.9004,9844.5,,,1666.3,,,1844.5,,1955.3,2669.8999,3089.8999,,2852.8999,,,2904.8,,3004.8,,,,,2942.3999,,,,2915.1001,,,,,3462.8,,3568.7,,3506.8999,,,,,3261.3999,,,,3236.3,,7162.6001,,,,6824.1001,,,,,,10311.2,12271.6,,,2029.4,,,2246.2,,2385.7,3150.5,3603.5,,3496.3999,,,3575.1001,,3835.1001,,,,,3525,,,,3504.5,,,,,4048.3999,,4088.1001,,4311,,,,,3941,,,,3995.1001,,8960.5996,,,,8212.6006,,,,,,12777.8,14899.8,1850.1,2190.3,2498.7,2265.6001,5241.2998,8805.5996,2623.5,3148.8,3561,3245.3999,7486.5,12578.1,,1804.3716,,,1973.2657,,2053.3801,,,,,,,,,,,,,,,,,,,,,,3605.1462,4164.6372,,,,16462.383,,2400.4878,,,2487.6326,,2593.4163,,,,,,,,,,,,,,,,,,,,,,4365.2515,5349.9819,,,,20521.078,,2724.3789,,,3015.7334,,3196.8901,,,,,,,,,,,,,,,,,,,,,,5151.0264,6239.2505,,,,24916.064,,3318.0425,,,3672.5076,,3900.5881,,,,,,,,,,,,,,,,,,,,,,,1272.4481,,,1391.5529,,1448.0498,,,,,,,,,,,,,,,,,,,,,,2542.3599,2896.9146,,,,11524.885,,1692.8311,,,1754.2859,,1828.8849,,,,,,,,,,,,,,,,,,,,,,3078.3882,3721.4385,,,,14366.272,,1921.24,,,2126.7041,,2254.4563,,,,,,,,,,,,,,,,,,,,,,3632.519,4340.0122,,,,17443.088,,2339.8933,,,2589.8633,,2750.7065,,,,,,,,,,,,,,,,,,,,,
2013,,1118.7,,,1219.9,,1273.5,1624.2,1847.4,1983.7,,1950.9,1955,,,1929.7,,,1888.6,,,1981,,2037.5,,2195.8,,,2003.3,,,2021.2,4565.8999,,,4326.2998,,,,,6644.1997,7622.2002,,,1495.2,,,1547.4,,1608,2232.3999,2433.8,,2416.8999,,,2424.8999,,2458.8999,,,,,2401.5,,,,2386.2,,,,,2797.6001,,2852.1001,,2832.8,,,,,2674.1001,,,,2651.7,,5821,,,,5583.1001,,,,,,8447.0996,9958.0996,,,1697.1,,,1871.8,,1989.5,2714.8999,3144.6001,,2901.8999,,,2927.3999,,3038.3999,,,,,2987.1001,,,,2957.8,,,,,3503.8999,,3609.5,,3553.1001,,,,,3321.2,,,,3286.8999,,7250.7002,,,,6938.7998,,,,,,10453.3,12451.1,,,2062.6001,,,2276,,2418.6001,3196.1001,3664.7,,3546.7,,,3603.2,,3877.2,,,,,3577.8,,,,3558.3,,,,,4102,,4137.3999,,4352.8999,,,,,4000.6001,,,,4049.5,,9053.2998,,,,8336.2998,,,,,,12925.1,15091,1860.3,2203.2,2510.3999,2286.6001,5277,8860.5,2679.8999,3216,3641.1001,3334.8,7673.3999,12872.1,,1845.8342,,,2012.8125,,2101.2515,,,,,,,,,,,,,,,,,,,,,,3683.4187,4236.8198,,,,16816.883,,2467.0522,,,2553.1814,,2653.1702,,,,,,,,,,,,,,,,,,,,,,4479.5347,5474.1982,,,,21026.973,,2800.1836,,,3088.4355,,3282.6382,,,,,,,,,,,,,,,,,,,,,,5273.5059,6379.6011,,,,25485.143,,3403.252,,,3755.3579,,3990.6455,,,,,,,,,,,,,,,,,,,,,,,1281.3186,,,1397.2295,,1458.621,,,,,,,,,,,,,,,,,,,,,,2556.9104,2902.5376,,,,11575.889,,1712.5481,,,1772.3362,,1841.7452,,,,,,,,,,,,,,,,,,,,,,3109.5483,3750.2341,,,,14473.9,,1943.7971,,,2143.8923,,2278.7017,,,,,,,,,,,,,,,,,,,,,,3660.6978,4370.5024,,,,17542.678,,2362.4277,,,2606.8484,,2770.1772,,,,,,,,,,,,,,,,,,,,,
2014,,1135.7,,,1241,,1309.7,1664.9,1880.4,2023.1,,1987.7,1994.2,,,1969.2,,,1914.5,,,2020.1,,2081,,2243.5,,,2045.3,,,2061,4661.6001,,,4416.1001,,,,,6788.5,7783.5,,,1522.4,,,1592.5,,1645.9,2319.3999,2501.6001,,2471.6001,,,2472.1001,,2515.5,,,,,2450,,,,2430.8,,,,,2860,,2904.1001,,2895.6001,,,,,2732.3999,,,,2712,,5952.2002,,,,5700.5,,,,,,8649.5,10232.2,,,1721.3,,,1917.8,,2038.6,2784.5,3224.8999,,2970.3999,,,2993,,3100.3999,,,,,3050.5,,,,3014.5,,,,,3587.6001,,3699.2,,3629.8,,,,,3402.8,,,,3348.2,,7403.2998,,,,7098.8999,,,,,,10686.6,12739.8,,,2111.6001,,,2335.3,,2490.8999,3298.3,3756.8999,,3648.1001,,,3684.5,,3962.5,,,,,3682.8999,,,,3632.6001,,,,,4207.7998,,4255.1997,,4462.1001,,,,,4101.8999,,,,4138.1001,,9267.0996,,,,8563.5,,,,,,13250.9,15479.9,1885.5,2233.8,2542.8,2320.2,5349.2998,8982.2998,2733.6001,3282.3,3699.8999,3392.0999,7801.2002,13108.2,,1864.7063,,,2037.5985,,2150.397,,,,,,,,,,,,,,,,,,,,,,3808.2236,4366.625,,,,17232.059,,2499.6294,,,2614.7266,,2702.4041,,,,,,,,,,,,,,,,,,,,,,4571.8716,5629.1689,,,,21455.109,,2826.2034,,,3148.8369,,3347.1782,,,,,,,,,,,,,,,,,,,,,,5415.4805,6557.7925,,,,26069.717,,3467.0371,,,3834.3303,,4089.8098,,,,,,,,,,,,,,,,,,,,,,,1286.1807,,,1405.433,,1483.2357,,,,,,,,,,,,,,,,,,,,,,2626.7214,2971.7478,,,,11808.145,,1724.1187,,,1803.5068,,1863.9824,,,,,,,,,,,,,,,,,,,,,,3153.4475,3830.9836,,,,14701.959,,1949.373,,,2171.9094,,2308.7153,,,,,,,,,,,,,,,,,,,,,,3735.3262,4462.9668,,,,17864.086,,2391.3879,,,2644.7283,,2820.9451,,,,,,,,,,,,,,,,,,,,,
2015,,1134.7,,,1242.5,,1306.8,1677.3,1886.4,2027.1,,1987.9,1990,,,1969.2,,,1918.1,,,2029.2001,,2086.1001,,2250.5,,,2050.6001,,,2063.6001,4664.6001,,,4421.8999,,,,,6789.8999,7804.1001,,,1527.2,,,1588.6,,1641.8,2349.1001,2490.7,,2471,,,2482,,2520,,,,,2450.9001,,,,2430.1001,,,,,2873.3999,,2915.5,,2906.3999,,,,,2736.3,,,,2715,,5969.2002,,,,5705.8999,,,,,,8657,10266.3,,,1725.2,,,1913.5,,2038.3,2789.8,3228.5,,2975.1001,,,3012,,3114.6001,,,,,3051,,,,3015.6001,,,,,3604.6001,,3723,,3649.8999,,,,,3417.7,,,,3360,,7440.8999,,,,7115.8999,,,,,,10716.4,12782.6,,,2103.8999,,,2334.8999,,2484.8,3294.8,3757.2,,3660.6001,,,3708,,3965.7,,,,,3676.3999,,,,3632,,,,,4226.3999,,4280.1001,,4493.7002,,,,,4114.8999,,,,4167.8999,,9305.4004,,,,8570.7998,,,,,,13279.4,15511.8,1940.7,2299.2,2623.5,2398.5,5524.2002,9261.5996,2832.5999,3409.5,3857.1001,3496.5,8089.2002,13596.3,,1916.2648,,,2098.3159,,2206.9048,,,,,,,,,,,,,,,,,,,,,,3967.126,4501.7183,,,,17885.943,,2579.113,,,2682.8044,,2772.6479,,,,,,,,,,,,,,,,,,,,,,4711.3735,5835.2261,,,,22269.84,,2913.4927,,,3231.491,,3442.2512,,,,,,,,,,,,,,,,,,,,,,5564.2104,6790.8042,,,,27024.65,,3553.0356,,,3943.145,,4196.2939,,,,,,,,,,,,,,,,,,,,,,,1312.891,,,1437.6198,,1512.0173,,,,,,,,,,,,,,,,,,,,,,2717.998,3035.7385,,,,12183.642,,1767.0284,,,1838.0706,,1899.6251,,,,,,,,,,,,,,,,,,,,,,3227.9048,3934.991,,,,15169.888,,1996.1219,,,2213.9922,,2358.3906,,,,,,,,,,,,,,,,,,,,,,3812.209,4579.3862,,,,18408.795,,2434.2922,,,2701.5679,,2875.0081,,,,,,,,,,,,,,,,,,,,,
2016,,1127.5,,,1233.1,,1294.7,1654,1866,2008.2,,1972.4,1970,,,1951.7,,,1899,,,2008.2,,2069.2,,2226.5999,,,2030.1,,,2043.7999,4616.3999,,,4379.7998,,,,,6724.6001,7716.8999,,,1511.1,,,1575.2,,1627.7,2304.1001,2476.4001,,2452.8999,,,2457.6001,,2493.2,,,,,2425.2,,,,2395.8,,,,,2847.6001,,2895.6001,,2878.2,,,,,2712,,,,2678.3,,5908.3999,,,,5650.7002,,,,,,8574.4004,10151.7,,,1711.2,,,1899,,2023.5,2763.8999,3207.1001,,2956.2,,,2977.8,,3080.6001,,,,,3024.3999,,,,2980.7,,,,,3575.3999,,3689.3,,3608.3,,,,,3371.7,,,,3324,,7358.1001,,,,7035.5,,,,,,10611.399,12660.3,,,2091.7,,,2314.3999,,2473,3278,3736.6001,,3625.1001,,,3670.8,,3930.7,,,,,3647.5,,,,3598.1001,,,,,4192.2998,,4232.3999,,4442.3999,,,,,4076.8999,,,,4127.2002,,9210.2998,,,,8496.7002,,,,,,13160.8,15387.8,1920.6,2276.7,2595.8999,2365.2,5457.2998,9158.7002,2899.8,3492,3945.3,3574.5,8272.2002,13911.9,,1976.7379,,,2161.8762,,2269.8735,,,,,,,,,,,,,,,,,,,,,,4039.5583,4634.292,,,,18301.318,,2649.2671,,,2761.6475,,2853.6907,,,,,,,,,,,,,,,,,,,,,,4845.6816,6001.7114,,,,22823.781,,3000.0833,,,3329.335,,3547.6089,,,,,,,,,,,,,,,,,,,,,,5747.0039,6992.6084,,,,27740.873,,3667.1775,,,4057.616,,4335.6743,,,,,,,,,,,,,,,,,,,,,,,1309.2361,,,1431.8572,,1503.3861,,,,,,,,,,,,,,,,,,,,,,2675.4866,3021.447,,,,12048.41,,1754.6666,,,1829.0985,,1890.0607,,,,,,,,,,,,,,,,,,,,,,3209.3992,3912.9714,,,,15025.709,,1987.0197,,,2205.0903,,2349.6577,,,,,,,,,,,,,,,,,,,,,,3806.3645,4559.0127,,,,18262.807,,2428.8506,,,2687.4465,,2871.6104,,,,,,,,,,,,,,,,,,,,,
2017,,1126.8,,,1231.8,,1295,1647.6,1859.9,1999.3,,1965.8,1967.5,,,1947.2,,,1893.3,,,2002.8,,2065,,2218.1001,,,2021.8,,,2035.5,4604.2998,,,4365.7002,,,,,6712.5,7693.1001,,,1504.1,,,1577.3,,1627,2290.8,2476.3999,,2448,,,2445.8,,2486.2,,,,,2419.1001,,,,2389.5,,,,,2843.3,,2887.2,,2870.3,,,,,2706.5,,,,2669.1001,,5892.2002,,,,5638.1001,,,,,,8560.9004,10123.9,,,1706.4,,,1900,,2023.9,2762.3999,3206.5,,2953.3,,,2952.5,,3064.8999,,,,,3018,,,,2972.3999,,,,,3568.3,,3670.8,,3590.8999,,,,,3365.2,,,,3313.6001,,7321.2002,,,,7021.5,,,,,,10579.3,12624.2,,,2088.2,,,2312.6001,,2471.7,3277.3999,3736.7,,3616.8,,,3643.8999,,3916.8999,,,,,3646.1001,,,,3589.6001,,,,,4186.2998,,4220.6001,,4415.7002,,,,,4069.3999,,,,4101.5,,9165.9004,,,,8487.0996,,,,,,13116.8,15346.7,1890.6,2240.7,2548.5,2313.3,5348.3999,8993.7002,2939.3999,3540.8999,3995.1001,3623.3999,8380.2002,14098.8,,2010.2671,,,2197.5923,,2310.344,,,,,,,,,,,,,,,,,,,,,,4086.9006,4714.5996,,,,18553.619,,2683.3889,,,2813.9814,,2902.6484,,,,,,,,,,,,,,,,,,,,,,4928.2583,6104.5732,,,,23135.807,,3044.3022,,,3389.6941,,3610.7375,,,,,,,,,,,,,,,,,,,,,,5847.0435,7113.9741,,,,28125.209,,3725.4521,,,4125.793,,4409.6348,,,,,,,,,,,,,,,,,,,,,,,1292.9886,,,1413.4749,,1485.996,,,,,,,,,,,,,,,,,,,,,,2628.6638,2983.4233,,,,11835.453,,1725.9355,,,1809.9316,,1866.9618,,,,,,,,,,,,,,,,,,,,,,3169.8186,3863.0056,,,,14758.455,,1958.0723,,,2180.2258,,2322.3994,,,,,,,,,,,,,,,,,,,,,,3760.7747,4501.7598,,,,17941.223,,2396.1829,,,2653.6792,,2836.2441,,,,,,,,,,,,,,,,,,,,,
2018,,1124.9,,,1234.5,,1301.7,1651.7,1867.2,2002.1,,1968.5,1971.8,,,1952.5,,,1899.2,,,2008.8,,2070.6001,,2223,,,2024.5,,,2036.4,4614.2002,,,4374.7002,,,,,6730.7998,7713.6001,,,1505.8,,,1588.5,,1634.2,2295.3999,2487.3999,,2456.7,,,2450.3999,,2494.8,,,,,2427.6001,,,,2393.3,,,,,2853.8,,2895.8,,2877.3999,,,,,2715.8,,,,2667.7,,5909.2998,,,,5657.7998,,,,,,8594.7002,10155.1,,,1710.6,,,1912.7,,2037.3,2778,3227.2,,2970,,,2940.7,,3064.1001,,,,,3027.7,,,,2981.1001,,,,,3583.2,,3676.5,,3597.8999,,,,,3378.1001,,,,3318.3,,7328.3999,,,,7046.2998,,,,,,10612.3,12667.7,,,2092.3999,,,2323.2,,2484.8,3297.8,3760.5,,3633,,,3642.5,,3923,,,,,3667.3999,,,,3601.8999,,,,,4208,,4237.3999,,4414,,,,,4089.0999,,,,4101.2002,,9170.5,,,,8532.2998,,,,,,13144.8,15395.3,1907.7,2262.8999,2570.3999,2332.8,5393.7002,9074.0996,2939.7,3541.8,4001.7,3633.3,8398.7998,14116.8,,2002.1001,,,2197.1663,,2316.769,,,,,,,,,,,,,,,,,,,,,,4085.3589,4718.2271,,,,18585.033,,2680.0271,,,2827.2163,,2908.5535,,,,,,,,,,,,,,,,,,,,,,4944.292,6121.5176,,,,23183.389,,3044.5305,,,3404.2283,,3625.9919,,,,,,,,,,,,,,,,,,,,,,5869.4331,7133.1079,,,,28175.219,,3724.0591,,,4134.8374,,4422.4536,,,,,,,,,,,,,,,,,,,,,,,1299.2504,,,1425.8374,,1503.4528,,,,,,,,,,,,,,,,,,,,,,2651.1682,3014.5337,,,,11946.223,,1739.1868,,,1834.7045,,1887.4875,,,,,,,,,,,,,,,,,,,,,,3208.5674,3911.1133,,,,14901.987,,1975.729,,,2209.1528,,2353.0649,,,,,,,,,,,,,,,,,,,,,,3808.9321,4557.4312,,,,18110.672,,2416.7048,,,2683.2769,,2869.9236,,,,,,,,,,,,,,,,,,,,,
2019,,1140.8,,,1247.9,,1316.2,1666.8,1892.7999,2014.2,,1988.7,1989.4,,,1973,,,1927.7,,,2025.8,,2091,,2238.8999,,,2041.8,,,2049,4651.3999,,,4416.3999,,,,,6792.5,7788.1001,,,1529.5,,,1610.2,,1652.7001,2313.5,2501.1001,,2478.2,,,2471.7,,2515.5,,,,,2452.3999,,,,2415.3,,,,,2880.3,,2926.5,,2899.5,,,,,2744.7,,,,2687.7,,5956.3999,,,,5716.2998,,,,,,8678,10229.6,,,1740.5,,,1933.7,,2064.7,2809.6001,3264.2,,3008.2,,,2949.8,,3082.2,,,,,3052.3999,,,,3014.8999,,,,,3603.7,,3694.7,,3623.5,,,,,3408.1001,,,,3351.6001,,7376.2998,,,,7106.1001,,,,,,10704.5,12779.3,,,2117.3999,,,2348.1001,,2499.7,3316.3,3803.2,,3666.8,,,3658.3999,,3952.6001,,,,,3696.6001,,,,3639.3999,,,,,4241.8999,,4277,,4435.7002,,,,,4128.7998,,,,4123.5,,9227.2002,,,,8607.9004,,,,,,13236.5,15507.8,1956.3,2322.8999,2647.2,2398.5,5550.6001,9325.5,2922.3,3523.5,3978.8999,3628.2,8367.9004,14053.5,,2000.0959,,,2187.8679,,2307.614,,,,,,,,,,,,,,,,,,,,,,4056.1201,4655.8677,,,,18459.146,,2681.5801,,,2823.0667,,2897.5793,,,,,,,,,,,,,,,,,,,,,,4925.9023,6076.3994,,,,23060.039,,3051.5137,,,3390.2395,,3619.9138,,,,,,,,,,,,,,,,,,,,,,5814.269,7079.7632,,,,27983.572,,3712.3096,,,4116.7822,,4382.5732,,,,,,,,,,,,,,,,,,,,,,,1338.9412,,,1464.6429,,1544.8055,,,,,,,,,,,,,,,,,,,,,,2715.3228,3069.4238,,,,12248.961,,1795.1528,,,1889.8694,,1939.7511,,,,,,,,,,,,,,,,,,,,,,3297.5886,4005.9224,,,,15301.981,,2042.8007,,,2269.5569,,2423.3096,,,,,,,,,,,,,,,,,,,,,,3892.2952,4667.3989,,,,18569.098,,2485.1628,,,2755.9326,,2933.863,,,,,,,,,,,,,,,,,,,,,
2020,,1177.8,,,1285.92,,1355.04,1725.36,1950.36,2073.48,,2047.2,2048.1599,,,2034.96,,,1986,,,2090.76,,2156.04,,2310.24,,,2107.0801,,,2114.28,4794.1201,,,4556.04,,,,,6999.1201,8034.1201,,,1580.52,,,1658.16,,1698.36,2414.1599,2565,,2553.3601,,,2552.3999,,2595.96,,,,,2530.9199,,,,2493.72,,,,,2978.04,,3024.72,,2994,,,,,2828.6399,,,,2773.3201,,6148.9199,,,,5895.48,,,,,,8946.5996,10569.48,,,1794.36,,,1984.3199,,2124.48,2896.3201,3356.8799,,3095.04,,,3049.9199,,3181.9199,,,,,3148.2,,,,3111.1201,,,,,3716.6399,,3822.8401,,3747.8401,,,,,3534.72,,,,3456.8401,,7622.7603,,,,7351.2002,,,,,,11038.8,13182.84,,,2173.9199,,,2418,,2562.3599,3404.76,3907.3201,,3786.72,,,3778.2,,4066.8,,,,,3803.3999,,,,3746.52,,,,,4372.0801,,4422.3599,,4587.6001,,,,,4261.6802,,,,4266.2402,,9520.0801,,,,8871.4805,,,,,,13635,15966.72,2023.0286,2402.5715,2741.1428,2502,5767.8857,9668.9141,2998.9714,3616.1143,4110,3761.6572,8658.6855,14487.257,,2047.2184,,,2235.1494,,2355.292,,,,,,,,,,,,,,,,,,,,,,4196.2236,4755.7031,,,,19059.061,,2747.2148,,,2882.1663,,2952.041,,,,,,,,,,,,,,,,,,,,,,5034.3008,6223.9082,,,,23771.512,,3118.9053,,,3449.0881,,3692.7107,,,,,,,,,,,,,,,,,,,,,,5918.0566,7244.4658,,,,28791.451,,3778.6455,,,4202.8984,,4453.8208,,,,,,,,,,,,,,,,,,,,,,,1381.0006,,,1507.774,,1588.819,,,,,,,,,,,,,,,,,,,,,,2830.6641,3159.7224,,,,12720.173,,1853.2001,,,1944.235,,1991.3704,,,,,,,,,,,,,,,,,,,,,,3396.009,4135.208,,,,15865.303,,2103.9329,,,2326.6658,,2491.0068,,,,,,,,,,,,,,,,,,,,,,3992.168,4813.2734,,,,19215.65,,2548.9766,,,2835.1667,,3004.4321,,,,,,,,,,,,,,,,,,,,,
